"bank","case","seed","model","macro","optimize","rmse","mae","mape","mse","path"
"BBCA","autoformer_data","42","autoformer","False","False","463.163527412295","378.783843994141","4.17343997955322","214520.453125","D:\SIML_Juni_2026_UMS_Surakarta_2\code\results_transformer_study\BBCA\autoformer_data\seed_42\BBCA\summary_transformer.json"
"BBCA","autoformer_data","52","autoformer","False","False","603.031326922574","511.850219726563","5.56940221786499","363646.78125","D:\SIML_Juni_2026_UMS_Surakarta_2\code\results_transformer_study\BBCA\autoformer_data\seed_52\BBCA\summary_transformer.json"
"BBCA","autoformer_data","62","autoformer","False","False","541.98927572416","463.167663574219","5.13684320449829","293752.375","D:\SIML_Juni_2026_UMS_Surakarta_2\code\results_transformer_study\BBCA\autoformer_data\seed_62\BBCA\summary_transformer.json"
"BBCA","autoformer_data","72","autoformer","False","False","577.254791015198","494.72998046875","5.3822169303894","333223.09375","D:\SIML_Juni_2026_UMS_Surakarta_2\code\results_transformer_study\BBCA\autoformer_data\seed_72\BBCA\summary_transformer.json"
"BBCA","autoformer_data","82","autoformer","False","False","674.630523879553","590.328979492188","6.42189455032349","455126.34375","D:\SIML_Juni_2026_UMS_Surakarta_2\code\results_transformer_study\BBCA\autoformer_data\seed_82\BBCA\summary_transformer.json"
"BBCA","autoformer_data_random","42","autoformer","False","True","328.266766993706","273.977020263672","3.03079390525818","107759.0703125","D:\SIML_Juni_2026_UMS_Surakarta_2\code\results_transformer_study\BBCA\autoformer_data_random\seed_42\BBCA\summary_transformer.json"
"BBCA","autoformer_data_random","52","autoformer","False","True","1821.75897143393","1627.77905273438","17.2855529785156","3318805.75","D:\SIML_Juni_2026_UMS_Surakarta_2\code\results_transformer_study\BBCA\autoformer_data_random\seed_52\BBCA\summary_transformer.json"
"BBCA","autoformer_data_random","62","autoformer","False","True","557.862074127647","468.335205078125","5.12136650085449","311210.09375","D:\SIML_Juni_2026_UMS_Surakarta_2\code\results_transformer_study\BBCA\autoformer_data_random\seed_62\BBCA\summary_transformer.json"
"BBCA","autoformer_data_random","72","autoformer","False","True","396.012566877618","315.114654541016","3.59552454948425","156825.953125","D:\SIML_Juni_2026_UMS_Surakarta_2\code\results_transformer_study\BBCA\autoformer_data_random\seed_72\BBCA\summary_transformer.json"
"BBCA","autoformer_data_random","82","autoformer","False","True","506.097507897441","443.687744140625","4.79027318954468","256134.6875","D:\SIML_Juni_2026_UMS_Surakarta_2\code\results_transformer_study\BBCA\autoformer_data_random\seed_82\BBCA\summary_transformer.json"
"BBCA","autoformer_macro","42","autoformer","True","False","364.235457842863","285.702392578125","3.23434615135193","132667.46875","D:\SIML_Juni_2026_UMS_Surakarta_2\code\results_transformer_study\BBCA\autoformer_macro\seed_42\BBCA\summary_transformer.json"
"BBCA","autoformer_macro","52","autoformer","True","False","419.787092613625","326.796508789063","3.74145364761353","176221.203125","D:\SIML_Juni_2026_UMS_Surakarta_2\code\results_transformer_study\BBCA\autoformer_macro\seed_52\BBCA\summary_transformer.json"
"BBCA","autoformer_macro","62","autoformer","True","False","955.231974443904","859.954284667969","9.2500638961792","912468.125","D:\SIML_Juni_2026_UMS_Surakarta_2\code\results_transformer_study\BBCA\autoformer_macro\seed_62\BBCA\summary_transformer.json"
"BBCA","autoformer_macro","72","autoformer","True","False","502.125529001464","412.712554931641","4.59126853942871","252130.046875","D:\SIML_Juni_2026_UMS_Surakarta_2\code\results_transformer_study\BBCA\autoformer_macro\seed_72\BBCA\summary_transformer.json"
"BBCA","autoformer_macro","82","autoformer","True","False","488.260144543869","396.987762451172","4.50882959365845","238397.96875","D:\SIML_Juni_2026_UMS_Surakarta_2\code\results_transformer_study\BBCA\autoformer_macro\seed_82\BBCA\summary_transformer.json"
"BBCA","autoformer_macro_random","42","autoformer","True","True","471.932612377021","399.191284179688","4.38193893432617","222720.390625","D:\SIML_Juni_2026_UMS_Surakarta_2\code\results_transformer_study\BBCA\autoformer_macro_random\seed_42\BBCA\summary_transformer.json"
"BBCA","autoformer_macro_random","52","autoformer","True","True","1153.93349028443","1038.0810546875","11.2728328704834","1331562.5","D:\SIML_Juni_2026_UMS_Surakarta_2\code\results_transformer_study\BBCA\autoformer_macro_random\seed_52\BBCA\summary_transformer.json"
"BBCA","autoformer_macro_random","62","autoformer","True","True","1248.84771889931","1151.48852539063","12.5247735977173","1559620.625","D:\SIML_Juni_2026_UMS_Surakarta_2\code\results_transformer_study\BBCA\autoformer_macro_random\seed_62\BBCA\summary_transformer.json"
"BBCA","autoformer_macro_random","72","autoformer","True","True","603.667515069347","523.432312011719","5.7215371131897","364414.46875","D:\SIML_Juni_2026_UMS_Surakarta_2\code\results_transformer_study\BBCA\autoformer_macro_random\seed_72\BBCA\summary_transformer.json"
"BBCA","autoformer_macro_random","82","autoformer","True","True","1639.10623511718","1482.10229492188","15.7817153930664","2686669.25","D:\SIML_Juni_2026_UMS_Surakarta_2\code\results_transformer_study\BBCA\autoformer_macro_random\seed_82\BBCA\summary_transformer.json"
"BBCA","informer_data","42","informer","False","False","1061.02509395396","915.480346679688","9.63707828521728","1125774.25","D:\SIML_Juni_2026_UMS_Surakarta_2\code\results_transformer_study\BBCA\informer_data\seed_42\BBCA\summary_transformer.json"
"BBCA","informer_data","52","informer","False","False","843.124175314645","757.618103027344","8.06238651275635","710858.375","D:\SIML_Juni_2026_UMS_Surakarta_2\code\results_transformer_study\BBCA\informer_data\seed_52\BBCA\summary_transformer.json"
"BBCA","informer_data","62","informer","False","False","1140.43708726084","1028.14526367188","10.9317026138306","1300596.75","D:\SIML_Juni_2026_UMS_Surakarta_2\code\results_transformer_study\BBCA\informer_data\seed_62\BBCA\summary_transformer.json"
"BBCA","informer_data","72","informer","False","False","1044.9405485481","915.557373046875","9.66878128051758","1091900.75","D:\SIML_Juni_2026_UMS_Surakarta_2\code\results_transformer_study\BBCA\informer_data\seed_72\BBCA\summary_transformer.json"
"BBCA","informer_data","82","informer","False","False","824.060980753245","730.824401855469","7.76987504959106","679076.5","D:\SIML_Juni_2026_UMS_Surakarta_2\code\results_transformer_study\BBCA\informer_data\seed_82\BBCA\summary_transformer.json"
"BBCA","informer_data_random","42","informer","False","True","1370.32943119529","1277.83996582031","13.7086763381958","1877802.75","D:\SIML_Juni_2026_UMS_Surakarta_2\code\results_transformer_study\BBCA\informer_data_random\seed_42\BBCA\summary_transformer.json"
"BBCA","informer_data_random","52","informer","False","True","1158.89996332729","1054.55017089844","11.2336463928223","1343049.125","D:\SIML_Juni_2026_UMS_Surakarta_2\code\results_transformer_study\BBCA\informer_data_random\seed_52\BBCA\summary_transformer.json"
"BBCA","informer_data_random","62","informer","False","True","420.928400978124","301.693481445313","3.14028525352478","177180.71875","D:\SIML_Juni_2026_UMS_Surakarta_2\code\results_transformer_study\BBCA\informer_data_random\seed_62\BBCA\summary_transformer.json"
"BBCA","informer_data_random","72","informer","False","True","1327.7619327274","1145.81433105469","12.0513181686401","1762951.75","D:\SIML_Juni_2026_UMS_Surakarta_2\code\results_transformer_study\BBCA\informer_data_random\seed_72\BBCA\summary_transformer.json"
"BBCA","informer_data_random","82","informer","False","True","431.472243458371","326.961059570313","3.4420018196106","186168.296875","D:\SIML_Juni_2026_UMS_Surakarta_2\code\results_transformer_study\BBCA\informer_data_random\seed_82\BBCA\summary_transformer.json"
"BBCA","informer_macro","42","informer","True","False","875.426788772197","826.380310058594","8.95580387115479","766372.0625","D:\SIML_Juni_2026_UMS_Surakarta_2\code\results_transformer_study\BBCA\informer_macro\seed_42\BBCA\summary_transformer.json"
"BBCA","informer_macro","52","informer","True","False","970.910300954728","900.091369628906","9.65503978729248","942666.8125","D:\SIML_Juni_2026_UMS_Surakarta_2\code\results_transformer_study\BBCA\informer_macro\seed_52\BBCA\summary_transformer.json"
"BBCA","informer_macro","62","informer","True","False","1518.12417146951","1410.56457519531","15.12917137146","2304701","D:\SIML_Juni_2026_UMS_Surakarta_2\code\results_transformer_study\BBCA\informer_macro\seed_62\BBCA\summary_transformer.json"
"BBCA","informer_macro","72","informer","True","False","1189.75963959112","1139.4814453125","12.3625974655151","1415528","D:\SIML_Juni_2026_UMS_Surakarta_2\code\results_transformer_study\BBCA\informer_macro\seed_72\BBCA\summary_transformer.json"
"BBCA","informer_macro","82","informer","True","False","601.117838905152","550.171325683594","5.98940277099609","361342.65625","D:\SIML_Juni_2026_UMS_Surakarta_2\code\results_transformer_study\BBCA\informer_macro\seed_82\BBCA\summary_transformer.json"
"BBCA","informer_macro_random","42","informer","True","True","811.949890695233","756.416015625","8.1858491897583","659262.625","D:\SIML_Juni_2026_UMS_Surakarta_2\code\results_transformer_study\BBCA\informer_macro_random\seed_42\BBCA\summary_transformer.json"
"BBCA","informer_macro_random","52","informer","True","True","1587.51527551706","1478.32983398438","15.8528242111206","2520204.75","D:\SIML_Juni_2026_UMS_Surakarta_2\code\results_transformer_study\BBCA\informer_macro_random\seed_52\BBCA\summary_transformer.json"
"BBCA","informer_macro_random","62","informer","True","True","1814.69157159006","1674.78283691406","17.9164752960205","3293105.5","D:\SIML_Juni_2026_UMS_Surakarta_2\code\results_transformer_study\BBCA\informer_macro_random\seed_62\BBCA\summary_transformer.json"
"BBCA","informer_macro_random","72","informer","True","True","1397.51873869369","1237.19848632813","13.1051044464111","1953058.625","D:\SIML_Juni_2026_UMS_Surakarta_2\code\results_transformer_study\BBCA\informer_macro_random\seed_72\BBCA\summary_transformer.json"
"BBCA","informer_macro_random","82","informer","True","True","1424.7546718646","1378.77856445313","15.0465221405029","2029925.875","D:\SIML_Juni_2026_UMS_Surakarta_2\code\results_transformer_study\BBCA\informer_macro_random\seed_82\BBCA\summary_transformer.json"
"BBNI","autoformer_data","42","autoformer","False","False","336.412182077284","279.909851074219","5.88548994064331","113173.15625","D:\SIML_Juni_2026_UMS_Surakarta_2\code\results_transformer_study\BBNI\autoformer_data\seed_42\BBNI\summary_transformer.json"
"BBNI","autoformer_data","52","autoformer","False","False","395.927293672715","321.714447021484","6.8234076499939","156758.421875","D:\SIML_Juni_2026_UMS_Surakarta_2\code\results_transformer_study\BBNI\autoformer_data\seed_52\BBNI\summary_transformer.json"
"BBNI","autoformer_data","62","autoformer","False","False","463.618866230657","377.77001953125","8.00340175628662","214942.453125","D:\SIML_Juni_2026_UMS_Surakarta_2\code\results_transformer_study\BBNI\autoformer_data\seed_62\BBNI\summary_transformer.json"
"BBNI","autoformer_data","72","autoformer","False","False","373.582571194107","301.27001953125","6.09747552871704","139563.9375","D:\SIML_Juni_2026_UMS_Surakarta_2\code\results_transformer_study\BBNI\autoformer_data\seed_72\BBNI\summary_transformer.json"
"BBNI","autoformer_data","82","autoformer","False","False","562.925505728778","449.103179931641","9.4337272644043","316885.125","D:\SIML_Juni_2026_UMS_Surakarta_2\code\results_transformer_study\BBNI\autoformer_data\seed_82\BBNI\summary_transformer.json"
"BBNI","autoformer_data_random","42","autoformer","False","True","572.067003287202","461.3662109375","9.14583587646484","327260.65625","D:\SIML_Juni_2026_UMS_Surakarta_2\code\results_transformer_study\BBNI\autoformer_data_random\seed_42\BBNI\summary_transformer.json"
"BBNI","autoformer_data_random","52","autoformer","False","True","374.35095916132","297.604309082031","5.99674940109253","140138.640625","D:\SIML_Juni_2026_UMS_Surakarta_2\code\results_transformer_study\BBNI\autoformer_data_random\seed_52\BBNI\summary_transformer.json"
"BBNI","autoformer_data_random","62","autoformer","False","True","371.145945013549","299.183135986328","6.17392301559448","137749.3125","D:\SIML_Juni_2026_UMS_Surakarta_2\code\results_transformer_study\BBNI\autoformer_data_random\seed_62\BBNI\summary_transformer.json"
"BBNI","autoformer_data_random","72","autoformer","False","True","303.387244808512","245.185852050781","5.02658748626709","92043.8203125","D:\SIML_Juni_2026_UMS_Surakarta_2\code\results_transformer_study\BBNI\autoformer_data_random\seed_72\BBNI\summary_transformer.json"
"BBNI","autoformer_data_random","82","autoformer","False","True","265.297724853607","219.605697631836","4.57900714874268","70382.8828125","D:\SIML_Juni_2026_UMS_Surakarta_2\code\results_transformer_study\BBNI\autoformer_data_random\seed_82\BBNI\summary_transformer.json"
"BBNI","autoformer_macro","42","autoformer","True","False","383.450697613135","292.796264648438","5.86340999603271","147034.4375","D:\SIML_Juni_2026_UMS_Surakarta_2\code\results_transformer_study\BBNI\autoformer_macro\seed_42\BBNI\summary_transformer.json"
"BBNI","autoformer_macro","52","autoformer","True","False","447.125803745434","354.057922363281","7.49990367889404","199921.484375","D:\SIML_Juni_2026_UMS_Surakarta_2\code\results_transformer_study\BBNI\autoformer_macro\seed_52\BBNI\summary_transformer.json"
"BBNI","autoformer_macro","62","autoformer","True","False","370.900572087723","287.20556640625","5.74604988098145","137567.234375","D:\SIML_Juni_2026_UMS_Surakarta_2\code\results_transformer_study\BBNI\autoformer_macro\seed_62\BBNI\summary_transformer.json"
"BBNI","autoformer_macro","72","autoformer","True","False","397.757817333613","337.811309814453","6.92288637161255","158211.28125","D:\SIML_Juni_2026_UMS_Surakarta_2\code\results_transformer_study\BBNI\autoformer_macro\seed_72\BBNI\summary_transformer.json"
"BBNI","autoformer_macro","82","autoformer","True","False","357.327580799468","273.043640136719","5.79993104934692","127683","D:\SIML_Juni_2026_UMS_Surakarta_2\code\results_transformer_study\BBNI\autoformer_macro\seed_82\BBNI\summary_transformer.json"
"BBNI","autoformer_macro_random","42","autoformer","True","True","317.233143267692","247.283798217773","5.20801115036011","100636.8671875","D:\SIML_Juni_2026_UMS_Surakarta_2\code\results_transformer_study\BBNI\autoformer_macro_random\seed_42\BBNI\summary_transformer.json"
"BBNI","autoformer_macro_random","52","autoformer","True","True","523.575090125571","454.883209228516","9.19013595581055","274130.875","D:\SIML_Juni_2026_UMS_Surakarta_2\code\results_transformer_study\BBNI\autoformer_macro_random\seed_52\BBNI\summary_transformer.json"
"BBNI","autoformer_macro_random","62","autoformer","True","True","397.780738127175","335.791931152344","6.82303476333618","158229.515625","D:\SIML_Juni_2026_UMS_Surakarta_2\code\results_transformer_study\BBNI\autoformer_macro_random\seed_62\BBNI\summary_transformer.json"
"BBNI","autoformer_macro_random","72","autoformer","True","True","380.785680370205","317.7060546875","6.49675226211548","144997.734375","D:\SIML_Juni_2026_UMS_Surakarta_2\code\results_transformer_study\BBNI\autoformer_macro_random\seed_72\BBNI\summary_transformer.json"
"BBNI","autoformer_macro_random","82","autoformer","True","True","491.204355385821","388.183349609375","7.67747068405151","241281.71875","D:\SIML_Juni_2026_UMS_Surakarta_2\code\results_transformer_study\BBNI\autoformer_macro_random\seed_82\BBNI\summary_transformer.json"
"BBNI","informer_data","42","informer","False","False","216.437355616469","140.104309082031","2.68156886100769","46845.12890625","D:\SIML_Juni_2026_UMS_Surakarta_2\code\results_transformer_study\BBNI\informer_data\seed_42\BBNI\summary_transformer.json"
"BBNI","informer_data","52","informer","False","False","246.566999325234","175.123565673828","3.37827277183533","60795.28515625","D:\SIML_Juni_2026_UMS_Surakarta_2\code\results_transformer_study\BBNI\informer_data\seed_52\BBNI\summary_transformer.json"
"BBNI","informer_data","62","informer","False","False","242.999300732019","150.277862548828","2.85547947883606","59048.66015625","D:\SIML_Juni_2026_UMS_Surakarta_2\code\results_transformer_study\BBNI\informer_data\seed_62\BBNI\summary_transformer.json"
"BBNI","informer_data","72","informer","False","False","212.279462766656","138.057479858398","2.64301943778992","45062.5703125","D:\SIML_Juni_2026_UMS_Surakarta_2\code\results_transformer_study\BBNI\informer_data\seed_72\BBNI\summary_transformer.json"
"BBNI","informer_data","82","informer","False","False","180.035510820088","124.203407287598","2.44213318824768","32412.78515625","D:\SIML_Juni_2026_UMS_Surakarta_2\code\results_transformer_study\BBNI\informer_data\seed_82\BBNI\summary_transformer.json"
"BBNI","informer_data_random","42","informer","False","True","190.659945567363","134.763778686523","2.62647080421448","36351.21484375","D:\SIML_Juni_2026_UMS_Surakarta_2\code\results_transformer_study\BBNI\informer_data_random\seed_42\BBNI\summary_transformer.json"
"BBNI","informer_data_random","52","informer","False","True","296.208251277712","210.352203369141","4.04997158050537","87739.328125","D:\SIML_Juni_2026_UMS_Surakarta_2\code\results_transformer_study\BBNI\informer_data_random\seed_52\BBNI\summary_transformer.json"
"BBNI","informer_data_random","62","informer","False","True","329.681877914149","244.303131103516","4.72678852081299","108690.140625","D:\SIML_Juni_2026_UMS_Surakarta_2\code\results_transformer_study\BBNI\informer_data_random\seed_62\BBNI\summary_transformer.json"
"BBNI","informer_data_random","72","informer","False","True","352.083153353011","213.636566162109","4.01093864440918","123962.546875","D:\SIML_Juni_2026_UMS_Surakarta_2\code\results_transformer_study\BBNI\informer_data_random\seed_72\BBNI\summary_transformer.json"
"BBNI","informer_data_random","82","informer","False","True","359.372010857134","244.374038696289","4.65941190719604","129148.2421875","D:\SIML_Juni_2026_UMS_Surakarta_2\code\results_transformer_study\BBNI\informer_data_random\seed_82\BBNI\summary_transformer.json"
"BBNI","informer_macro","42","informer","True","False","294.80482155572","222.816375732422","4.38148021697998","86909.8828125","D:\SIML_Juni_2026_UMS_Surakarta_2\code\results_transformer_study\BBNI\informer_macro\seed_42\BBNI\summary_transformer.json"
"BBNI","informer_macro","52","informer","True","False","247.675427096634","167.881271362305","3.23421096801758","61343.1171875","D:\SIML_Juni_2026_UMS_Surakarta_2\code\results_transformer_study\BBNI\informer_macro\seed_52\BBNI\summary_transformer.json"
"BBNI","informer_macro","62","informer","True","False","208.182180583498","150.531448364258","2.95368099212646","43339.8203125","D:\SIML_Juni_2026_UMS_Surakarta_2\code\results_transformer_study\BBNI\informer_macro\seed_62\BBNI\summary_transformer.json"
"BBNI","informer_macro","72","informer","True","False","204.659282406149","162.355911254883","3.22350978851318","41885.421875","D:\SIML_Juni_2026_UMS_Surakarta_2\code\results_transformer_study\BBNI\informer_macro\seed_72\BBNI\summary_transformer.json"
"BBNI","informer_macro","82","informer","True","False","178.40767592266","135.051956176758","2.78262090682983","31829.298828125","D:\SIML_Juni_2026_UMS_Surakarta_2\code\results_transformer_study\BBNI\informer_macro\seed_82\BBNI\summary_transformer.json"
"BBNI","informer_macro_random","42","informer","True","True","210.663915173553","148.272979736328","2.92457723617554","44379.28515625","D:\SIML_Juni_2026_UMS_Surakarta_2\code\results_transformer_study\BBNI\informer_macro_random\seed_42\BBNI\summary_transformer.json"
"BBNI","informer_macro_random","52","informer","True","True","383.101549037589","257.972930908203","4.93234825134277","146766.796875","D:\SIML_Juni_2026_UMS_Surakarta_2\code\results_transformer_study\BBNI\informer_macro_random\seed_52\BBNI\summary_transformer.json"
"BBNI","informer_macro_random","62","informer","True","True","454.565108097839","358.615570068359","7.03449821472168","206629.4375","D:\SIML_Juni_2026_UMS_Surakarta_2\code\results_transformer_study\BBNI\informer_macro_random\seed_62\BBNI\summary_transformer.json"
"BBNI","informer_macro_random","72","informer","True","True","341.147821241027","241.934707641602","4.65452718734741","116381.8359375","D:\SIML_Juni_2026_UMS_Surakarta_2\code\results_transformer_study\BBNI\informer_macro_random\seed_72\BBNI\summary_transformer.json"
"BBNI","informer_macro_random","82","informer","True","True","305.886352976886","255.203811645508","5.05133771896362","93566.4609375","D:\SIML_Juni_2026_UMS_Surakarta_2\code\results_transformer_study\BBNI\informer_macro_random\seed_82\BBNI\summary_transformer.json"
"BBRI","autoformer_data","42","autoformer","False","False","716.429711311584","606.600158691406","11.6533517837524","513271.53125","D:\SIML_Juni_2026_UMS_Surakarta_2\code\results_transformer_study\BBRI\autoformer_data\seed_42\BBRI\summary_transformer.json"
"BBRI","autoformer_data","52","autoformer","False","False","381.018249234863","283.002685546875","5.9044713973999","145174.90625","D:\SIML_Juni_2026_UMS_Surakarta_2\code\results_transformer_study\BBRI\autoformer_data\seed_52\BBRI\summary_transformer.json"
"BBRI","autoformer_data","62","autoformer","False","False","442.270473664024","352.735931396484","7.40207815170288","195603.171875","D:\SIML_Juni_2026_UMS_Surakarta_2\code\results_transformer_study\BBRI\autoformer_data\seed_62\BBRI\summary_transformer.json"
"BBRI","autoformer_data","72","autoformer","False","False","352.362384485064","271.702301025391","5.55870199203491","124159.25","D:\SIML_Juni_2026_UMS_Surakarta_2\code\results_transformer_study\BBRI\autoformer_data\seed_72\BBRI\summary_transformer.json"
"BBRI","autoformer_data","82","autoformer","False","False","393.921867252886","286.473571777344","5.99676084518433","155174.4375","D:\SIML_Juni_2026_UMS_Surakarta_2\code\results_transformer_study\BBRI\autoformer_data\seed_82\BBRI\summary_transformer.json"
"BBRI","autoformer_data_random","42","autoformer","False","True","343.063120558739","255.343536376953","5.27093887329102","117692.3046875","D:\SIML_Juni_2026_UMS_Surakarta_2\code\results_transformer_study\BBRI\autoformer_data_random\seed_42\BBRI\summary_transformer.json"
"BBRI","autoformer_data_random","52","autoformer","False","True","541.056229748813","448.710998535156","8.65748596191406","292741.84375","D:\SIML_Juni_2026_UMS_Surakarta_2\code\results_transformer_study\BBRI\autoformer_data_random\seed_52\BBRI\summary_transformer.json"
"BBRI","autoformer_data_random","62","autoformer","False","True","477.916653952339","383.378204345703","7.97828054428101","228404.328125","D:\SIML_Juni_2026_UMS_Surakarta_2\code\results_transformer_study\BBRI\autoformer_data_random\seed_62\BBRI\summary_transformer.json"
"BBRI","autoformer_data_random","72","autoformer","False","True","423.444838497295","351.717254638672","7.26337051391602","179305.53125","D:\SIML_Juni_2026_UMS_Surakarta_2\code\results_transformer_study\BBRI\autoformer_data_random\seed_72\BBRI\summary_transformer.json"
"BBRI","autoformer_data_random","82","autoformer","False","True","421.276686840134","313.269256591797","6.62289476394653","177474.046875","D:\SIML_Juni_2026_UMS_Surakarta_2\code\results_transformer_study\BBRI\autoformer_data_random\seed_82\BBRI\summary_transformer.json"
"BBRI","autoformer_macro","42","autoformer","True","False","522.830786440508","372.760955810547","7.94667768478394","273352.03125","D:\SIML_Juni_2026_UMS_Surakarta_2\code\results_transformer_study\BBRI\autoformer_macro\seed_42\BBRI\summary_transformer.json"
"BBRI","autoformer_macro","52","autoformer","True","False","740.109746929467","654.447326660156","13.8720140457153","547762.4375","D:\SIML_Juni_2026_UMS_Surakarta_2\code\results_transformer_study\BBRI\autoformer_macro\seed_52\BBRI\summary_transformer.json"
"BBRI","autoformer_macro","62","autoformer","True","False","651.676515803662","521.699584960938","9.89596939086914","424682.28125","D:\SIML_Juni_2026_UMS_Surakarta_2\code\results_transformer_study\BBRI\autoformer_macro\seed_62\BBRI\summary_transformer.json"
"BBRI","autoformer_macro","72","autoformer","True","False","433.698051644229","334.434936523438","6.98849582672119","188094","D:\SIML_Juni_2026_UMS_Surakarta_2\code\results_transformer_study\BBRI\autoformer_macro\seed_72\BBRI\summary_transformer.json"
"BBRI","autoformer_macro","82","autoformer","True","False","529.880617450761","418.863342285156","8.95393085479736","280773.46875","D:\SIML_Juni_2026_UMS_Surakarta_2\code\results_transformer_study\BBRI\autoformer_macro\seed_82\BBRI\summary_transformer.json"
"BBRI","autoformer_macro_random","42","autoformer","True","True","389.594901789025","300.941528320313","6.14577102661133","151784.1875","D:\SIML_Juni_2026_UMS_Surakarta_2\code\results_transformer_study\BBRI\autoformer_macro_random\seed_42\BBRI\summary_transformer.json"
"BBRI","autoformer_macro_random","52","autoformer","True","True","433.949899902051","307.925079345703","6.45540523529053","188312.515625","D:\SIML_Juni_2026_UMS_Surakarta_2\code\results_transformer_study\BBRI\autoformer_macro_random\seed_52\BBRI\summary_transformer.json"
"BBRI","autoformer_macro_random","62","autoformer","True","True","411.181092251334","337.479431152344","6.62556886672974","169069.890625","D:\SIML_Juni_2026_UMS_Surakarta_2\code\results_transformer_study\BBRI\autoformer_macro_random\seed_62\BBRI\summary_transformer.json"
"BBRI","autoformer_macro_random","72","autoformer","True","True","669.479625343445","601.136413574219","12.6148300170898","448202.96875","D:\SIML_Juni_2026_UMS_Surakarta_2\code\results_transformer_study\BBRI\autoformer_macro_random\seed_72\BBRI\summary_transformer.json"
"BBRI","autoformer_macro_random","82","autoformer","True","True","361.543230903996","280.913757324219","5.69511747360229","130713.5078125","D:\SIML_Juni_2026_UMS_Surakarta_2\code\results_transformer_study\BBRI\autoformer_macro_random\seed_82\BBRI\summary_transformer.json"
"BBRI","informer_data","42","informer","False","False","330.236976938531","240.25129699707","4.56587553024292","109056.4609375","D:\SIML_Juni_2026_UMS_Surakarta_2\code\results_transformer_study\BBRI\informer_data\seed_42\BBRI\summary_transformer.json"
"BBRI","informer_data","52","informer","False","False","321.808087705235","226.263931274414","4.21032047271729","103560.4453125","D:\SIML_Juni_2026_UMS_Surakarta_2\code\results_transformer_study\BBRI\informer_data\seed_52\BBRI\summary_transformer.json"
"BBRI","informer_data","62","informer","False","False","493.985972093338","383.783477783203","7.23465299606323","244022.140625","D:\SIML_Juni_2026_UMS_Surakarta_2\code\results_transformer_study\BBRI\informer_data\seed_62\BBRI\summary_transformer.json"
"BBRI","informer_data","72","informer","False","False","432.384919660712","333.575897216797","6.26906967163086","186956.71875","D:\SIML_Juni_2026_UMS_Surakarta_2\code\results_transformer_study\BBRI\informer_data\seed_72\BBRI\summary_transformer.json"
"BBRI","informer_data","82","informer","False","False","400.645826291751","290.794250488281","5.41519165039063","160517.078125","D:\SIML_Juni_2026_UMS_Surakarta_2\code\results_transformer_study\BBRI\informer_data\seed_82\BBRI\summary_transformer.json"
"BBRI","informer_data_random","42","informer","False","True","360.834146457898","270.681213378906","5.14156150817871","130201.28125","D:\SIML_Juni_2026_UMS_Surakarta_2\code\results_transformer_study\BBRI\informer_data_random\seed_42\BBRI\summary_transformer.json"
"BBRI","informer_data_random","52","informer","False","True","389.388823992163","279.794464111328","5.20147514343262","151623.65625","D:\SIML_Juni_2026_UMS_Surakarta_2\code\results_transformer_study\BBRI\informer_data_random\seed_52\BBRI\summary_transformer.json"
"BBRI","informer_data_random","62","informer","False","True","594.307159640535","487.068176269531","9.25891971588135","353201","D:\SIML_Juni_2026_UMS_Surakarta_2\code\results_transformer_study\BBRI\informer_data_random\seed_62\BBRI\summary_transformer.json"
"BBRI","informer_data_random","72","informer","False","True","549.675671419065","420.011474609375","7.88346433639526","302143.34375","D:\SIML_Juni_2026_UMS_Surakarta_2\code\results_transformer_study\BBRI\informer_data_random\seed_72\BBRI\summary_transformer.json"
"BBRI","informer_data_random","82","informer","False","True","513.244611515796","400.64208984375","7.55138254165649","263420.03125","D:\SIML_Juni_2026_UMS_Surakarta_2\code\results_transformer_study\BBRI\informer_data_random\seed_82\BBRI\summary_transformer.json"
"BBRI","informer_macro","42","informer","True","False","441.029442044406","345.281768798828","6.53367471694946","194506.96875","D:\SIML_Juni_2026_UMS_Surakarta_2\code\results_transformer_study\BBRI\informer_macro\seed_42\BBRI\summary_transformer.json"
"BBRI","informer_macro","52","informer","True","False","351.756296585434","287.174011230469","5.71226024627686","123732.4921875","D:\SIML_Juni_2026_UMS_Surakarta_2\code\results_transformer_study\BBRI\informer_macro\seed_52\BBRI\summary_transformer.json"
"BBRI","informer_macro","62","informer","True","False","415.010259662337","301.29443359375","5.61655044555664","172233.515625","D:\SIML_Juni_2026_UMS_Surakarta_2\code\results_transformer_study\BBRI\informer_macro\seed_62\BBRI\summary_transformer.json"
"BBRI","informer_macro","72","informer","True","False","330.036598349335","260.278381347656","5.02543497085571","108924.15625","D:\SIML_Juni_2026_UMS_Surakarta_2\code\results_transformer_study\BBRI\informer_macro\seed_72\BBRI\summary_transformer.json"
"BBRI","informer_macro","82","informer","True","False","358.232270147456","287.912536621094","5.55927467346191","128330.359375","D:\SIML_Juni_2026_UMS_Surakarta_2\code\results_transformer_study\BBRI\informer_macro\seed_82\BBRI\summary_transformer.json"
"BBRI","informer_macro_random","42","informer","True","True","377.627751562302","334.6787109375","7.08673763275146","142602.71875","D:\SIML_Juni_2026_UMS_Surakarta_2\code\results_transformer_study\BBRI\informer_macro_random\seed_42\BBRI\summary_transformer.json"
"BBRI","informer_macro_random","52","informer","True","True","664.908851836099","514.152587890625","9.65030670166016","442103.78125","D:\SIML_Juni_2026_UMS_Surakarta_2\code\results_transformer_study\BBRI\informer_macro_random\seed_52\BBRI\summary_transformer.json"
"BBRI","informer_macro_random","62","informer","True","True","240.086515981739","184.168716430664","3.56291007995605","57641.53515625","D:\SIML_Juni_2026_UMS_Surakarta_2\code\results_transformer_study\BBRI\informer_macro_random\seed_62\BBRI\summary_transformer.json"
"BBRI","informer_macro_random","72","informer","True","True","734.798696923178","570.390197753906","10.7062110900879","539929.125","D:\SIML_Juni_2026_UMS_Surakarta_2\code\results_transformer_study\BBRI\informer_macro_random\seed_72\BBRI\summary_transformer.json"
"BBRI","informer_macro_random","82","informer","True","True","454.955423640602","372.855529785156","7.12334060668945","206984.4375","D:\SIML_Juni_2026_UMS_Surakarta_2\code\results_transformer_study\BBRI\informer_macro_random\seed_82\BBRI\summary_transformer.json"
"BBTN","autoformer_data","42","autoformer","False","False","170.67862595936","157.288970947266","11.8730688095093","29131.193359375","D:\SIML_Juni_2026_UMS_Surakarta_2\code\results_transformer_study\BBTN\autoformer_data\seed_42\BBTN\summary_transformer.json"
"BBTN","autoformer_data","52","autoformer","False","False","91.0798070375646","74.0020523071289","5.54337501525879","8295.53125","D:\SIML_Juni_2026_UMS_Surakarta_2\code\results_transformer_study\BBTN\autoformer_data\seed_52\BBTN\summary_transformer.json"
"BBTN","autoformer_data","62","autoformer","False","False","81.5370470342316","65.0249252319336","4.79866170883179","6648.2900390625","D:\SIML_Juni_2026_UMS_Surakarta_2\code\results_transformer_study\BBTN\autoformer_data\seed_62\BBTN\summary_transformer.json"
"BBTN","autoformer_data","72","autoformer","False","False","186.361418016176","172.425064086914","13.1286430358887","34730.578125","D:\SIML_Juni_2026_UMS_Surakarta_2\code\results_transformer_study\BBTN\autoformer_data\seed_72\BBTN\summary_transformer.json"
"BBTN","autoformer_data","82","autoformer","False","False","161.323202860748","146.286880493164","11.1587953567505","26025.17578125","D:\SIML_Juni_2026_UMS_Surakarta_2\code\results_transformer_study\BBTN\autoformer_data\seed_82\BBTN\summary_transformer.json"
"BBTN","autoformer_data_random","42","autoformer","False","True","142.173811154252","126.02027130127","9.55412197113037","20213.392578125","D:\SIML_Juni_2026_UMS_Surakarta_2\code\results_transformer_study\BBTN\autoformer_data_random\seed_42\BBTN\summary_transformer.json"
"BBTN","autoformer_data_random","52","autoformer","False","True","109.412895220924","91.3009490966797","6.88905429840088","11971.181640625","D:\SIML_Juni_2026_UMS_Surakarta_2\code\results_transformer_study\BBTN\autoformer_data_random\seed_52\BBTN\summary_transformer.json"
"BBTN","autoformer_data_random","62","autoformer","False","True","207.431690563424","197.340591430664","14.9634809494019","43027.90625","D:\SIML_Juni_2026_UMS_Surakarta_2\code\results_transformer_study\BBTN\autoformer_data_random\seed_62\BBTN\summary_transformer.json"
"BBTN","autoformer_data_random","72","autoformer","False","True","131.229611511655","119.085845947266","9.06537055969238","17221.2109375","D:\SIML_Juni_2026_UMS_Surakarta_2\code\results_transformer_study\BBTN\autoformer_data_random\seed_72\BBTN\summary_transformer.json"
"BBTN","autoformer_data_random","82","autoformer","False","True","109.802068016158","89.1599197387695","6.51371908187866","12056.494140625","D:\SIML_Juni_2026_UMS_Surakarta_2\code\results_transformer_study\BBTN\autoformer_data_random\seed_82\BBTN\summary_transformer.json"
"BBTN","autoformer_macro","42","autoformer","True","False","242.567186246924","231.574981689453","17.4829120635986","58838.83984375","D:\SIML_Juni_2026_UMS_Surakarta_2\code\results_transformer_study\BBTN\autoformer_macro\seed_42\BBTN\summary_transformer.json"
"BBTN","autoformer_macro","52","autoformer","True","False","130.360587650179","110.838249206543","8.45744705200195","16993.8828125","D:\SIML_Juni_2026_UMS_Surakarta_2\code\results_transformer_study\BBTN\autoformer_macro\seed_52\BBTN\summary_transformer.json"
"BBTN","autoformer_macro","62","autoformer","True","False","180.892357278783","159.917953491211","11.9874048233032","32722.044921875","D:\SIML_Juni_2026_UMS_Surakarta_2\code\results_transformer_study\BBTN\autoformer_macro\seed_62\BBTN\summary_transformer.json"
"BBTN","autoformer_macro","72","autoformer","True","False","127.750584789513","108.649452209473","8.27164840698242","16320.2119140625","D:\SIML_Juni_2026_UMS_Surakarta_2\code\results_transformer_study\BBTN\autoformer_macro\seed_72\BBTN\summary_transformer.json"
"BBTN","autoformer_macro","82","autoformer","True","False","77.2171659843603","60.9326972961426","4.60417985916138","5962.49072265625","D:\SIML_Juni_2026_UMS_Surakarta_2\code\results_transformer_study\BBTN\autoformer_macro\seed_82\BBTN\summary_transformer.json"
"BBTN","autoformer_macro_random","42","autoformer","True","True","333.169087138948","319.490142822266","23.925724029541","111001.640625","D:\SIML_Juni_2026_UMS_Surakarta_2\code\results_transformer_study\BBTN\autoformer_macro_random\seed_42\BBTN\summary_transformer.json"
"BBTN","autoformer_macro_random","52","autoformer","True","True","120.941803863987","102.637023925781","7.77388572692871","14626.919921875","D:\SIML_Juni_2026_UMS_Surakarta_2\code\results_transformer_study\BBTN\autoformer_macro_random\seed_52\BBTN\summary_transformer.json"
"BBTN","autoformer_macro_random","62","autoformer","True","True","317.777179699078","302.871551513672","22.4640064239502","100982.3359375","D:\SIML_Juni_2026_UMS_Surakarta_2\code\results_transformer_study\BBTN\autoformer_macro_random\seed_62\BBTN\summary_transformer.json"
"BBTN","autoformer_macro_random","72","autoformer","True","True","169.737279760885","153.869186401367","11.495192527771","28810.744140625","D:\SIML_Juni_2026_UMS_Surakarta_2\code\results_transformer_study\BBTN\autoformer_macro_random\seed_72\BBTN\summary_transformer.json"
"BBTN","autoformer_macro_random","82","autoformer","True","True","342.264506175414","334.234344482422","24.9614429473877","117144.9921875","D:\SIML_Juni_2026_UMS_Surakarta_2\code\results_transformer_study\BBTN\autoformer_macro_random\seed_82\BBTN\summary_transformer.json"
"BBTN","informer_data","42","informer","False","False","81.2609878387609","72.7328262329102","5.51737070083618","6603.34814453125","D:\SIML_Juni_2026_UMS_Surakarta_2\code\results_transformer_study\BBTN\informer_data\seed_42\BBTN\summary_transformer.json"
"BBTN","informer_data","52","informer","False","False","40.6092592702276","32.5958404541016","2.39867091178894","1649.11193847656","D:\SIML_Juni_2026_UMS_Surakarta_2\code\results_transformer_study\BBTN\informer_data\seed_52\BBTN\summary_transformer.json"
"BBTN","informer_data","62","informer","False","False","51.0705533161295","42.655948638916","3.2122974395752","2608.20141601563","D:\SIML_Juni_2026_UMS_Surakarta_2\code\results_transformer_study\BBTN\informer_data\seed_62\BBTN\summary_transformer.json"
"BBTN","informer_data","72","informer","False","False","36.5337259907284","27.8557720184326","2.04228210449219","1334.71313476563","D:\SIML_Juni_2026_UMS_Surakarta_2\code\results_transformer_study\BBTN\informer_data\seed_72\BBTN\summary_transformer.json"
"BBTN","informer_data","82","informer","False","False","60.0818289657946","51.3077011108398","3.85149765014648","3609.826171875","D:\SIML_Juni_2026_UMS_Surakarta_2\code\results_transformer_study\BBTN\informer_data\seed_82\BBTN\summary_transformer.json"
"BBTN","informer_data_random","42","informer","False","True","57.8356478151937","48.927173614502","3.66846776008606","3344.96215820313","D:\SIML_Juni_2026_UMS_Surakarta_2\code\results_transformer_study\BBTN\informer_data_random\seed_42\BBTN\summary_transformer.json"
"BBTN","informer_data_random","52","informer","False","True","57.6981914693011","50.1152420043945","3.73934626579285","3329.08129882813","D:\SIML_Juni_2026_UMS_Surakarta_2\code\results_transformer_study\BBTN\informer_data_random\seed_52\BBTN\summary_transformer.json"
"BBTN","informer_data_random","62","informer","False","True","26.7468282655276","19.7567501068115","1.45370018482208","715.392822265625","D:\SIML_Juni_2026_UMS_Surakarta_2\code\results_transformer_study\BBTN\informer_data_random\seed_62\BBTN\summary_transformer.json"
"BBTN","informer_data_random","72","informer","False","True","42.0668500490217","34.8206977844238","2.5842707157135","1769.61987304688","D:\SIML_Juni_2026_UMS_Surakarta_2\code\results_transformer_study\BBTN\informer_data_random\seed_72\BBTN\summary_transformer.json"
"BBTN","informer_data_random","82","informer","False","True","30.6795024822534","22.9760780334473","1.68018543720245","941.231872558594","D:\SIML_Juni_2026_UMS_Surakarta_2\code\results_transformer_study\BBTN\informer_data_random\seed_82\BBTN\summary_transformer.json"
"BBTN","informer_macro","42","informer","True","False","113.358654589372","93.0233764648438","7.0064811706543","12850.1845703125","D:\SIML_Juni_2026_UMS_Surakarta_2\code\results_transformer_study\BBTN\informer_macro\seed_42\BBTN\summary_transformer.json"
"BBTN","informer_macro","52","informer","True","False","53.2440256698463","44.9721565246582","3.32223439216614","2834.92626953125","D:\SIML_Juni_2026_UMS_Surakarta_2\code\results_transformer_study\BBTN\informer_macro\seed_52\BBTN\summary_transformer.json"
"BBTN","informer_macro","62","informer","True","False","59.1294593984251","45.8699188232422","3.41353821754456","3496.29296875","D:\SIML_Juni_2026_UMS_Surakarta_2\code\results_transformer_study\BBTN\informer_macro\seed_62\BBTN\summary_transformer.json"
"BBTN","informer_macro","72","informer","True","False","63.1515491818095","54.8851623535156","4.01570701599121","3988.1181640625","D:\SIML_Juni_2026_UMS_Surakarta_2\code\results_transformer_study\BBTN\informer_macro\seed_72\BBTN\summary_transformer.json"
"BBTN","informer_macro","82","informer","True","False","59.1945634149845","45.7361907958984","3.35109448432922","3503.99633789063","D:\SIML_Juni_2026_UMS_Surakarta_2\code\results_transformer_study\BBTN\informer_macro\seed_82\BBTN\summary_transformer.json"
"BBTN","informer_macro_random","42","informer","True","True","139.020639767086","110.309494018555","8.32394313812256","19326.73828125","D:\SIML_Juni_2026_UMS_Surakarta_2\code\results_transformer_study\BBTN\informer_macro_random\seed_42\BBTN\summary_transformer.json"
"BBTN","informer_macro_random","52","informer","True","True","222.227897171462","217.426834106445","16.3050422668457","49385.23828125","D:\SIML_Juni_2026_UMS_Surakarta_2\code\results_transformer_study\BBTN\informer_macro_random\seed_52\BBTN\summary_transformer.json"
"BBTN","informer_macro_random","62","informer","True","True","263.201844479669","252.88932800293","19.1248722076416","69275.2109375","D:\SIML_Juni_2026_UMS_Surakarta_2\code\results_transformer_study\BBTN\informer_macro_random\seed_62\BBTN\summary_transformer.json"
"BBTN","informer_macro_random","72","informer","True","True","126.041659779614","113.636238098145","8.42271900177002","15886.5","D:\SIML_Juni_2026_UMS_Surakarta_2\code\results_transformer_study\BBTN\informer_macro_random\seed_72\BBTN\summary_transformer.json"
"BBTN","informer_macro_random","82","informer","True","True","64.4179392594757","48.6238021850586","3.64252138137817","4149.6708984375","D:\SIML_Juni_2026_UMS_Surakarta_2\code\results_transformer_study\BBTN\informer_macro_random\seed_82\BBTN\summary_transformer.json"
"BDMN","autoformer_data","42","autoformer","False","False","228.390795499184","199.860443115234","7.48833847045898","52162.35546875","D:\SIML_Juni_2026_UMS_Surakarta_2\code\results_transformer_study\BDMN\autoformer_data\seed_42\BDMN\summary_transformer.json"
"BDMN","autoformer_data","52","autoformer","False","False","190.206210055692","157.00651550293","5.85255575180054","36178.40234375","D:\SIML_Juni_2026_UMS_Surakarta_2\code\results_transformer_study\BDMN\autoformer_data\seed_52\BDMN\summary_transformer.json"
"BDMN","autoformer_data","62","autoformer","False","False","272.824605974241","253.048782348633","9.45986080169678","74433.265625","D:\SIML_Juni_2026_UMS_Surakarta_2\code\results_transformer_study\BDMN\autoformer_data\seed_62\BDMN\summary_transformer.json"
"BDMN","autoformer_data","72","autoformer","False","False","424.884451204089","404.497253417969","15.0915441513062","180526.796875","D:\SIML_Juni_2026_UMS_Surakarta_2\code\results_transformer_study\BDMN\autoformer_data\seed_72\BDMN\summary_transformer.json"
"BDMN","autoformer_data","82","autoformer","False","False","548.719389806848","521.578735351563","19.5279560089111","301092.96875","D:\SIML_Juni_2026_UMS_Surakarta_2\code\results_transformer_study\BDMN\autoformer_data\seed_82\BDMN\summary_transformer.json"
"BDMN","autoformer_data_random","42","autoformer","False","True","383.031554672719","362.371368408203","13.5118350982666","146713.171875","D:\SIML_Juni_2026_UMS_Surakarta_2\code\results_transformer_study\BDMN\autoformer_data_random\seed_42\BDMN\summary_transformer.json"
"BDMN","autoformer_data_random","52","autoformer","False","True","345.584909519354","323.524749755859","12.1854391098022","119428.9296875","D:\SIML_Juni_2026_UMS_Surakarta_2\code\results_transformer_study\BDMN\autoformer_data_random\seed_52\BDMN\summary_transformer.json"
"BDMN","autoformer_data_random","62","autoformer","False","True","573.921842457664","553.773620605469","20.5473937988281","329386.28125","D:\SIML_Juni_2026_UMS_Surakarta_2\code\results_transformer_study\BDMN\autoformer_data_random\seed_62\BDMN\summary_transformer.json"
"BDMN","autoformer_data_random","72","autoformer","False","True","153.801966573497","121.26188659668","4.37507295608521","23655.044921875","D:\SIML_Juni_2026_UMS_Surakarta_2\code\results_transformer_study\BDMN\autoformer_data_random\seed_72\BDMN\summary_transformer.json"
"BDMN","autoformer_data_random","82","autoformer","False","True","369.220124045264","350.596496582031","13.0749731063843","136323.5","D:\SIML_Juni_2026_UMS_Surakarta_2\code\results_transformer_study\BDMN\autoformer_data_random\seed_82\BDMN\summary_transformer.json"
"BDMN","autoformer_macro","42","autoformer","True","False","382.495383959075","350.601715087891","13.233510017395","146302.71875","D:\SIML_Juni_2026_UMS_Surakarta_2\code\results_transformer_study\BDMN\autoformer_macro\seed_42\BDMN\summary_transformer.json"
"BDMN","autoformer_macro","52","autoformer","True","False","349.9878122878","307.944732666016","11.0908117294312","122491.46875","D:\SIML_Juni_2026_UMS_Surakarta_2\code\results_transformer_study\BDMN\autoformer_macro\seed_52\BDMN\summary_transformer.json"
"BDMN","autoformer_macro","62","autoformer","True","False","256.742544925846","228.081329345703","8.47412776947021","65916.734375","D:\SIML_Juni_2026_UMS_Surakarta_2\code\results_transformer_study\BDMN\autoformer_macro\seed_62\BDMN\summary_transformer.json"
"BDMN","autoformer_macro","72","autoformer","True","False","293.128837927966","219.425201416016","8.37619686126709","85924.515625","D:\SIML_Juni_2026_UMS_Surakarta_2\code\results_transformer_study\BDMN\autoformer_macro\seed_72\BDMN\summary_transformer.json"
"BDMN","autoformer_macro","82","autoformer","True","False","466.905019115237","410.827331542969","14.9115009307861","218000.296875","D:\SIML_Juni_2026_UMS_Surakarta_2\code\results_transformer_study\BDMN\autoformer_macro\seed_82\BDMN\summary_transformer.json"
"BDMN","autoformer_macro_random","42","autoformer","True","True","1004.17055324282","980.24755859375","36.7150421142578","1008358.5","D:\SIML_Juni_2026_UMS_Surakarta_2\code\results_transformer_study\BDMN\autoformer_macro_random\seed_42\BDMN\summary_transformer.json"
"BDMN","autoformer_macro_random","52","autoformer","True","True","539.259909505611","480.290466308594","18.2985000610352","290801.25","D:\SIML_Juni_2026_UMS_Surakarta_2\code\results_transformer_study\BDMN\autoformer_macro_random\seed_52\BDMN\summary_transformer.json"
"BDMN","autoformer_macro_random","62","autoformer","True","True","419.472753137793","320.736450195313","12.2381744384766","175957.390625","D:\SIML_Juni_2026_UMS_Surakarta_2\code\results_transformer_study\BDMN\autoformer_macro_random\seed_62\BDMN\summary_transformer.json"
"BDMN","autoformer_macro_random","72","autoformer","True","True","314.253443199116","289.293060302734","10.8764095306396","98755.2265625","D:\SIML_Juni_2026_UMS_Surakarta_2\code\results_transformer_study\BDMN\autoformer_macro_random\seed_72\BDMN\summary_transformer.json"
"BDMN","autoformer_macro_random","82","autoformer","True","True","581.314001852699","558.627746582031","20.9259204864502","337925.96875","D:\SIML_Juni_2026_UMS_Surakarta_2\code\results_transformer_study\BDMN\autoformer_macro_random\seed_82\BDMN\summary_transformer.json"
"BDMN","informer_data","42","informer","False","False","83.2520616064176","57.3425941467285","2.17176079750061","6930.90576171875","D:\SIML_Juni_2026_UMS_Surakarta_2\code\results_transformer_study\BDMN\informer_data\seed_42\BDMN\summary_transformer.json"
"BDMN","informer_data","52","informer","False","False","53.5556123415768","36.9465637207031","1.34874701499939","2868.20361328125","D:\SIML_Juni_2026_UMS_Surakarta_2\code\results_transformer_study\BDMN\informer_data\seed_52\BDMN\summary_transformer.json"
"BDMN","informer_data","62","informer","False","False","91.2871767161878","68.0939331054688","2.57394218444824","8333.3486328125","D:\SIML_Juni_2026_UMS_Surakarta_2\code\results_transformer_study\BDMN\informer_data\seed_62\BDMN\summary_transformer.json"
"BDMN","informer_data","72","informer","False","False","72.0242811162493","52.8679656982422","1.90636849403381","5187.4970703125","D:\SIML_Juni_2026_UMS_Surakarta_2\code\results_transformer_study\BDMN\informer_data\seed_72\BDMN\summary_transformer.json"
"BDMN","informer_data","82","informer","False","False","83.9647491603619","60.7111015319824","2.28192615509033","7050.0791015625","D:\SIML_Juni_2026_UMS_Surakarta_2\code\results_transformer_study\BDMN\informer_data\seed_82\BDMN\summary_transformer.json"
"BDMN","informer_data_random","42","informer","False","True","101.78972178436","87.9405364990234","3.23253321647644","10361.1474609375","D:\SIML_Juni_2026_UMS_Surakarta_2\code\results_transformer_study\BDMN\informer_data_random\seed_42\BDMN\summary_transformer.json"
"BDMN","informer_data_random","52","informer","False","True","60.0076146698015","44.828426361084","1.65616774559021","3600.91381835938","D:\SIML_Juni_2026_UMS_Surakarta_2\code\results_transformer_study\BDMN\informer_data_random\seed_52\BDMN\summary_transformer.json"
"BDMN","informer_data_random","62","informer","False","True","83.1919520080293","65.2845230102539","2.46786880493164","6920.90087890625","D:\SIML_Juni_2026_UMS_Surakarta_2\code\results_transformer_study\BDMN\informer_data_random\seed_62\BDMN\summary_transformer.json"
"BDMN","informer_data_random","72","informer","False","True","83.9722970966467","66.386100769043","2.37935829162598","7051.3466796875","D:\SIML_Juni_2026_UMS_Surakarta_2\code\results_transformer_study\BDMN\informer_data_random\seed_72\BDMN\summary_transformer.json"
"BDMN","informer_data_random","82","informer","False","True","95.2899358536881","76.4620208740234","2.89716839790344","9080.171875","D:\SIML_Juni_2026_UMS_Surakarta_2\code\results_transformer_study\BDMN\informer_data_random\seed_82\BDMN\summary_transformer.json"
"BDMN","informer_macro","42","informer","True","False","171.921152894285","148.686096191406","5.53563451766968","29556.8828125","D:\SIML_Juni_2026_UMS_Surakarta_2\code\results_transformer_study\BDMN\informer_macro\seed_42\BDMN\summary_transformer.json"
"BDMN","informer_macro","52","informer","True","False","204.953529412767","173.920562744141","6.54316234588623","42005.94921875","D:\SIML_Juni_2026_UMS_Surakarta_2\code\results_transformer_study\BDMN\informer_macro\seed_52\BDMN\summary_transformer.json"
"BDMN","informer_macro","62","informer","True","False","161.250205910721","131.961151123047","4.68959712982178","26001.62890625","D:\SIML_Juni_2026_UMS_Surakarta_2\code\results_transformer_study\BDMN\informer_macro\seed_62\BDMN\summary_transformer.json"
"BDMN","informer_macro","72","informer","True","False","159.264293657979","131.590362548828","5.04933595657349","25365.115234375","D:\SIML_Juni_2026_UMS_Surakarta_2\code\results_transformer_study\BDMN\informer_macro\seed_72\BDMN\summary_transformer.json"
"BDMN","informer_macro","82","informer","True","False","128.219743933511","87.3887710571289","3.33458971977234","16440.302734375","D:\SIML_Juni_2026_UMS_Surakarta_2\code\results_transformer_study\BDMN\informer_macro\seed_82\BDMN\summary_transformer.json"
"BDMN","informer_macro_random","42","informer","True","True","219.757474631126","191.490646362305","7.08145427703857","48293.34765625","D:\SIML_Juni_2026_UMS_Surakarta_2\code\results_transformer_study\BDMN\informer_macro_random\seed_42\BDMN\summary_transformer.json"
"BDMN","informer_macro_random","52","informer","True","True","302.43926301408","288.023651123047","10.8316345214844","91469.5078125","D:\SIML_Juni_2026_UMS_Surakarta_2\code\results_transformer_study\BDMN\informer_macro_random\seed_52\BDMN\summary_transformer.json"
"BDMN","informer_macro_random","62","informer","True","True","493.607178710966","465.944213867188","16.9976215362549","243648.046875","D:\SIML_Juni_2026_UMS_Surakarta_2\code\results_transformer_study\BDMN\informer_macro_random\seed_62\BDMN\summary_transformer.json"
"BDMN","informer_macro_random","72","informer","True","True","262.432878323201","255.133026123047","9.51757907867432","68871.015625","D:\SIML_Juni_2026_UMS_Surakarta_2\code\results_transformer_study\BDMN\informer_macro_random\seed_72\BDMN\summary_transformer.json"
"BDMN","informer_macro_random","82","informer","True","True","373.800790863262","346.045745849609","12.5566024780273","139727.03125","D:\SIML_Juni_2026_UMS_Surakarta_2\code\results_transformer_study\BDMN\informer_macro_random\seed_82\BDMN\summary_transformer.json"
"BMRI","autoformer_data","42","autoformer","False","False","1380.08260622327","1209.07080078125","20.1477813720703","1904628","D:\SIML_Juni_2026_UMS_Surakarta_2\code\results_transformer_study\BMRI\autoformer_data\seed_42\BMRI\summary_transformer.json"
"BMRI","autoformer_data","52","autoformer","False","False","828.738800829308","723.505554199219","12.2128257751465","686808","D:\SIML_Juni_2026_UMS_Surakarta_2\code\results_transformer_study\BMRI\autoformer_data\seed_52\BMRI\summary_transformer.json"
"BMRI","autoformer_data","62","autoformer","False","False","1342.51801663888","1185.81225585938","19.8682746887207","1802354.625","D:\SIML_Juni_2026_UMS_Surakarta_2\code\results_transformer_study\BMRI\autoformer_data\seed_62\BMRI\summary_transformer.json"
"BMRI","autoformer_data","72","autoformer","False","False","1171.90533960726","1053.63317871094","17.9119205474854","1373362.125","D:\SIML_Juni_2026_UMS_Surakarta_2\code\results_transformer_study\BMRI\autoformer_data\seed_72\BMRI\summary_transformer.json"
"BMRI","autoformer_data","82","autoformer","False","False","544.73508469714","471.247436523438","8.49864864349365","296736.3125","D:\SIML_Juni_2026_UMS_Surakarta_2\code\results_transformer_study\BMRI\autoformer_data\seed_82\BMRI\summary_transformer.json"
"BMRI","autoformer_data_random","42","autoformer","False","True","1710.05657801138","1523.22937011719","25.5376224517822","2924293.5","D:\SIML_Juni_2026_UMS_Surakarta_2\code\results_transformer_study\BMRI\autoformer_data_random\seed_42\BMRI\summary_transformer.json"
"BMRI","autoformer_data_random","52","autoformer","False","True","947.153267692194","829.165588378906","14.0450000762939","897099.3125","D:\SIML_Juni_2026_UMS_Surakarta_2\code\results_transformer_study\BMRI\autoformer_data_random\seed_52\BMRI\summary_transformer.json"
"BMRI","autoformer_data_random","62","autoformer","False","True","1305.32357099686","1185.59228515625","20.1297721862793","1703869.625","D:\SIML_Juni_2026_UMS_Surakarta_2\code\results_transformer_study\BMRI\autoformer_data_random\seed_62\BMRI\summary_transformer.json"
"BMRI","autoformer_data_random","72","autoformer","False","True","1267.821359656","1131.27734375","19.0829925537109","1607371","D:\SIML_Juni_2026_UMS_Surakarta_2\code\results_transformer_study\BMRI\autoformer_data_random\seed_72\BMRI\summary_transformer.json"
"BMRI","autoformer_data_random","82","autoformer","False","True","1030.80187233047","922.192993164062","15.6361999511719","1062552.5","D:\SIML_Juni_2026_UMS_Surakarta_2\code\results_transformer_study\BMRI\autoformer_data_random\seed_82\BMRI\summary_transformer.json"
"BMRI","autoformer_macro","42","autoformer","True","False","1121.51120145989","978.424743652344","16.3120994567871","1257787.375","D:\SIML_Juni_2026_UMS_Surakarta_2\code\results_transformer_study\BMRI\autoformer_macro\seed_42\BMRI\summary_transformer.json"
"BMRI","autoformer_macro","52","autoformer","True","False","1342.39566633687","1208.08349609375","20.4059677124023","1802026.125","D:\SIML_Juni_2026_UMS_Surakarta_2\code\results_transformer_study\BMRI\autoformer_macro\seed_52\BMRI\summary_transformer.json"
"BMRI","autoformer_macro","62","autoformer","True","False","1596.32687755359","1411.94921875","23.5615692138672","2548259.5","D:\SIML_Juni_2026_UMS_Surakarta_2\code\results_transformer_study\BMRI\autoformer_macro\seed_62\BMRI\summary_transformer.json"
"BMRI","autoformer_macro","72","autoformer","True","False","1031.32202778764","936.603271484375","16.1057548522949","1063625.125","D:\SIML_Juni_2026_UMS_Surakarta_2\code\results_transformer_study\BMRI\autoformer_macro\seed_72\BMRI\summary_transformer.json"
"BMRI","autoformer_macro","82","autoformer","True","False","813.679182786435","690.916564941406","11.5347156524658","662073.8125","D:\SIML_Juni_2026_UMS_Surakarta_2\code\results_transformer_study\BMRI\autoformer_macro\seed_82\BMRI\summary_transformer.json"
"BMRI","autoformer_macro_random","42","autoformer","True","True","1608.53699056006","1500.58081054688","25.9017086029053","2587391.25","D:\SIML_Juni_2026_UMS_Surakarta_2\code\results_transformer_study\BMRI\autoformer_macro_random\seed_42\BMRI\summary_transformer.json"
"BMRI","autoformer_macro_random","52","autoformer","True","True","1539.04101634752","1377.07153320313","23.1360092163086","2368647.25","D:\SIML_Juni_2026_UMS_Surakarta_2\code\results_transformer_study\BMRI\autoformer_macro_random\seed_52\BMRI\summary_transformer.json"
"BMRI","autoformer_macro_random","62","autoformer","True","True","1508.61600482031","1308.91223144531","21.6693592071533","2275922.25","D:\SIML_Juni_2026_UMS_Surakarta_2\code\results_transformer_study\BMRI\autoformer_macro_random\seed_62\BMRI\summary_transformer.json"
"BMRI","autoformer_macro_random","72","autoformer","True","True","1292.05113095419","1176.37890625","20.0250072479248","1669396.125","D:\SIML_Juni_2026_UMS_Surakarta_2\code\results_transformer_study\BMRI\autoformer_macro_random\seed_72\BMRI\summary_transformer.json"
"BMRI","autoformer_macro_random","82","autoformer","True","True","1018.47508560593","879.670532226563","14.62548828125","1037291.5","D:\SIML_Juni_2026_UMS_Surakarta_2\code\results_transformer_study\BMRI\autoformer_macro_random\seed_82\BMRI\summary_transformer.json"
"BMRI","informer_data","42","informer","False","False","625.480640188008","434.943603515625","6.80138826370239","391226.03125","D:\SIML_Juni_2026_UMS_Surakarta_2\code\results_transformer_study\BMRI\informer_data\seed_42\BMRI\summary_transformer.json"
"BMRI","informer_data","52","informer","False","False","976.164080726186","803.575500488281","13.0448980331421","952896.3125","D:\SIML_Juni_2026_UMS_Surakarta_2\code\results_transformer_study\BMRI\informer_data\seed_52\BMRI\summary_transformer.json"
"BMRI","informer_data","62","informer","False","False","881.764672404151","725.245483398438","11.7835073471069","777508.9375","D:\SIML_Juni_2026_UMS_Surakarta_2\code\results_transformer_study\BMRI\informer_data\seed_62\BMRI\summary_transformer.json"
"BMRI","informer_data","72","informer","False","False","1258.58616113479","1047.24401855469","17.0475578308105","1584039.125","D:\SIML_Juni_2026_UMS_Surakarta_2\code\results_transformer_study\BMRI\informer_data\seed_72\BMRI\summary_transformer.json"
"BMRI","informer_data","82","informer","False","False","986.236343378199","805.110961914063","13.0338821411133","972662.125","D:\SIML_Juni_2026_UMS_Surakarta_2\code\results_transformer_study\BMRI\informer_data\seed_82\BMRI\summary_transformer.json"
"BMRI","informer_data_random","42","informer","False","True","1016.89238614516","841.109069824219","13.6794548034668","1034070.125","D:\SIML_Juni_2026_UMS_Surakarta_2\code\results_transformer_study\BMRI\informer_data_random\seed_42\BMRI\summary_transformer.json"
"BMRI","informer_data_random","52","informer","False","True","791.668017542707","664.089782714844","10.9660263061523","626738.25","D:\SIML_Juni_2026_UMS_Surakarta_2\code\results_transformer_study\BMRI\informer_data_random\seed_52\BMRI\summary_transformer.json"
"BMRI","informer_data_random","62","informer","False","True","730.531698490901","587.349792480469","9.4749059677124","533676.5625","D:\SIML_Juni_2026_UMS_Surakarta_2\code\results_transformer_study\BMRI\informer_data_random\seed_62\BMRI\summary_transformer.json"
"BMRI","informer_data_random","72","informer","False","True","1363.84763628493","1149.02661132813","18.8011741638184","1860080.375","D:\SIML_Juni_2026_UMS_Surakarta_2\code\results_transformer_study\BMRI\informer_data_random\seed_72\BMRI\summary_transformer.json"
"BMRI","informer_data_random","82","informer","False","True","523.117308784559","395.480804443359","6.33903646469116","273651.71875","D:\SIML_Juni_2026_UMS_Surakarta_2\code\results_transformer_study\BMRI\informer_data_random\seed_82\BMRI\summary_transformer.json"
"BMRI","informer_macro","42","informer","True","False","1164.59767731178","992.84326171875","16.3038883209229","1356287.75","D:\SIML_Juni_2026_UMS_Surakarta_2\code\results_transformer_study\BMRI\informer_macro\seed_42\BMRI\summary_transformer.json"
"BMRI","informer_macro","52","informer","True","False","1155.939282575","978.018676757812","16.0120868682861","1336195.625","D:\SIML_Juni_2026_UMS_Surakarta_2\code\results_transformer_study\BMRI\informer_macro\seed_52\BMRI\summary_transformer.json"
"BMRI","informer_macro","62","informer","True","False","1249.86389258991","1035.48376464844","16.8237171173096","1562159.75","D:\SIML_Juni_2026_UMS_Surakarta_2\code\results_transformer_study\BMRI\informer_macro\seed_62\BMRI\summary_transformer.json"
"BMRI","informer_macro","72","informer","True","False","1053.25323403254","912.152404785156","15.0822582244873","1109342.375","D:\SIML_Juni_2026_UMS_Surakarta_2\code\results_transformer_study\BMRI\informer_macro\seed_72\BMRI\summary_transformer.json"
"BMRI","informer_macro","82","informer","True","False","789.760960671012","670.655822753906","11.0551481246948","623722.375","D:\SIML_Juni_2026_UMS_Surakarta_2\code\results_transformer_study\BMRI\informer_macro\seed_82\BMRI\summary_transformer.json"
"BMRI","informer_macro_random","42","informer","True","True","1017.36009480419","859.862609863281","14.078989982605","1035021.5625","D:\SIML_Juni_2026_UMS_Surakarta_2\code\results_transformer_study\BMRI\informer_macro_random\seed_42\BMRI\summary_transformer.json"
"BMRI","informer_macro_random","52","informer","True","True","1141.00262926954","933.024719238281","15.1054916381836","1301887","D:\SIML_Juni_2026_UMS_Surakarta_2\code\results_transformer_study\BMRI\informer_macro_random\seed_52\BMRI\summary_transformer.json"
"BMRI","informer_macro_random","62","informer","True","True","1593.2697511721","1332.14294433594","21.7043800354004","2538508.5","D:\SIML_Juni_2026_UMS_Surakarta_2\code\results_transformer_study\BMRI\informer_macro_random\seed_62\BMRI\summary_transformer.json"
"BMRI","informer_macro_random","72","informer","True","True","924.799674253835","768.187133789063","12.503080368042","855254.4375","D:\SIML_Juni_2026_UMS_Surakarta_2\code\results_transformer_study\BMRI\informer_macro_random\seed_72\BMRI\summary_transformer.json"
"BMRI","informer_macro_random","82","informer","True","True","1299.47051717228","1066.41369628906","17.2706527709961","1688623.625","D:\SIML_Juni_2026_UMS_Surakarta_2\code\results_transformer_study\BMRI\informer_macro_random\seed_82\BMRI\summary_transformer.json"
"BNGA","autoformer_data","42","autoformer","False","False","248.879182850334","197.945343017578","11.6188716888428","61940.84765625","D:\SIML_Juni_2026_UMS_Surakarta_2\code\results_transformer_study\BNGA\autoformer_data\seed_42\BNGA\summary_transformer.json"
"BNGA","autoformer_data","52","autoformer","False","False","174.365966387868","150.767349243164","9.47422504425049","30403.490234375","D:\SIML_Juni_2026_UMS_Surakarta_2\code\results_transformer_study\BNGA\autoformer_data\seed_52\BNGA\summary_transformer.json"
"BNGA","autoformer_data","62","autoformer","False","False","179.231426644088","144.601181030273","8.64179706573486","32123.904296875","D:\SIML_Juni_2026_UMS_Surakarta_2\code\results_transformer_study\BNGA\autoformer_data\seed_62\BNGA\summary_transformer.json"
"BNGA","autoformer_data","72","autoformer","False","False","230.35186230797","199.423767089844","12.4574527740479","53061.98046875","D:\SIML_Juni_2026_UMS_Surakarta_2\code\results_transformer_study\BNGA\autoformer_data\seed_72\BNGA\summary_transformer.json"
"BNGA","autoformer_data","82","autoformer","False","False","150.076926888763","125.205474853516","7.99735403060913","22523.083984375","D:\SIML_Juni_2026_UMS_Surakarta_2\code\results_transformer_study\BNGA\autoformer_data\seed_82\BNGA\summary_transformer.json"
"BNGA","autoformer_data_random","42","autoformer","False","True","270.44080047674","228.609634399414","13.8202342987061","73138.2265625","D:\SIML_Juni_2026_UMS_Surakarta_2\code\results_transformer_study\BNGA\autoformer_data_random\seed_42\BNGA\summary_transformer.json"
"BNGA","autoformer_data_random","52","autoformer","False","True","185.157038500431","151.797576904297","9.31399250030518","34283.12890625","D:\SIML_Juni_2026_UMS_Surakarta_2\code\results_transformer_study\BNGA\autoformer_data_random\seed_52\BNGA\summary_transformer.json"
"BNGA","autoformer_data_random","62","autoformer","False","True","144.953238688378","117.573249816895","7.25332403182983","21011.44140625","D:\SIML_Juni_2026_UMS_Surakarta_2\code\results_transformer_study\BNGA\autoformer_data_random\seed_62\BNGA\summary_transformer.json"
"BNGA","autoformer_data_random","72","autoformer","False","True","174.676134469266","146.89567565918","9.0994348526001","30511.751953125","D:\SIML_Juni_2026_UMS_Surakarta_2\code\results_transformer_study\BNGA\autoformer_data_random\seed_72\BNGA\summary_transformer.json"
"BNGA","autoformer_data_random","82","autoformer","False","True","297.808466656843","257.250671386719","15.6809310913086","88689.8828125","D:\SIML_Juni_2026_UMS_Surakarta_2\code\results_transformer_study\BNGA\autoformer_data_random\seed_82\BNGA\summary_transformer.json"
"BNGA","autoformer_macro","42","autoformer","True","False","254.649076856269","207.182418823242","12.2409496307373","64846.15234375","D:\SIML_Juni_2026_UMS_Surakarta_2\code\results_transformer_study\BNGA\autoformer_macro\seed_42\BNGA\summary_transformer.json"
"BNGA","autoformer_macro","52","autoformer","True","False","243.364872028606","200.548202514648","11.9689836502075","59226.4609375","D:\SIML_Juni_2026_UMS_Surakarta_2\code\results_transformer_study\BNGA\autoformer_macro\seed_52\BNGA\summary_transformer.json"
"BNGA","autoformer_macro","62","autoformer","True","False","401.746266317436","358.958557128906","22.2107467651367","161400.0625","D:\SIML_Juni_2026_UMS_Surakarta_2\code\results_transformer_study\BNGA\autoformer_macro\seed_62\BNGA\summary_transformer.json"
"BNGA","autoformer_macro","72","autoformer","True","False","307.199637349233","263.586395263672","15.9572448730469","94371.6171875","D:\SIML_Juni_2026_UMS_Surakarta_2\code\results_transformer_study\BNGA\autoformer_macro\seed_72\BNGA\summary_transformer.json"
"BNGA","autoformer_macro","82","autoformer","True","False","192.51814037903","156.86882019043","9.43816566467285","37063.234375","D:\SIML_Juni_2026_UMS_Surakarta_2\code\results_transformer_study\BNGA\autoformer_macro\seed_82\BNGA\summary_transformer.json"
"BNGA","autoformer_macro_random","42","autoformer","True","True","218.06334193016","182.07080078125","11.1815023422241","47551.62109375","D:\SIML_Juni_2026_UMS_Surakarta_2\code\results_transformer_study\BNGA\autoformer_macro_random\seed_42\BNGA\summary_transformer.json"
"BNGA","autoformer_macro_random","52","autoformer","True","True","361.084347833024","315.678802490234","19.2701396942139","130381.90625","D:\SIML_Juni_2026_UMS_Surakarta_2\code\results_transformer_study\BNGA\autoformer_macro_random\seed_52\BNGA\summary_transformer.json"
"BNGA","autoformer_macro_random","62","autoformer","True","True","493.434899454832","412.590545654297","24.4142818450928","243478","D:\SIML_Juni_2026_UMS_Surakarta_2\code\results_transformer_study\BNGA\autoformer_macro_random\seed_62\BNGA\summary_transformer.json"
"BNGA","autoformer_macro_random","72","autoformer","True","True","338.72685575918","293.517242431641","17.8613567352295","114735.8828125","D:\SIML_Juni_2026_UMS_Surakarta_2\code\results_transformer_study\BNGA\autoformer_macro_random\seed_72\BNGA\summary_transformer.json"
"BNGA","autoformer_macro_random","82","autoformer","True","True","302.160992891207","253.49089050293","15.123462677002","91301.265625","D:\SIML_Juni_2026_UMS_Surakarta_2\code\results_transformer_study\BNGA\autoformer_macro_random\seed_82\BNGA\summary_transformer.json"
"BNGA","informer_data","42","informer","False","False","178.708053426182","130.780776977539","7.44328737258911","31936.568359375","D:\SIML_Juni_2026_UMS_Surakarta_2\code\results_transformer_study\BNGA\informer_data\seed_42\BNGA\summary_transformer.json"
"BNGA","informer_data","52","informer","False","False","86.6335166718834","55.9863739013672","3.20741128921509","7505.3662109375","D:\SIML_Juni_2026_UMS_Surakarta_2\code\results_transformer_study\BNGA\informer_data\seed_52\BNGA\summary_transformer.json"
"BNGA","informer_data","62","informer","False","False","153.087182830161","130.588394165039","8.43089580535889","23435.685546875","D:\SIML_Juni_2026_UMS_Surakarta_2\code\results_transformer_study\BNGA\informer_data\seed_62\BNGA\summary_transformer.json"
"BNGA","informer_data","72","informer","False","False","144.748772123462","113.793212890625","6.80586624145508","20952.20703125","D:\SIML_Juni_2026_UMS_Surakarta_2\code\results_transformer_study\BNGA\informer_data\seed_72\BNGA\summary_transformer.json"
"BNGA","informer_data","82","informer","False","False","99.6296217168243","78.273811340332","5.07270669937134","9926.0615234375","D:\SIML_Juni_2026_UMS_Surakarta_2\code\results_transformer_study\BNGA\informer_data\seed_82\BNGA\summary_transformer.json"
"BNGA","informer_data_random","42","informer","False","True","183.73409795136","149.975128173828","9.28469467163086","33758.21875","D:\SIML_Juni_2026_UMS_Surakarta_2\code\results_transformer_study\BNGA\informer_data_random\seed_42\BNGA\summary_transformer.json"
"BNGA","informer_data_random","52","informer","False","True","218.464626355733","191.24089050293","11.9221382141113","47726.79296875","D:\SIML_Juni_2026_UMS_Surakarta_2\code\results_transformer_study\BNGA\informer_data_random\seed_52\BNGA\summary_transformer.json"
"BNGA","informer_data_random","62","informer","False","True","264.745426070027","209.378204345703","12.3854742050171","70090.140625","D:\SIML_Juni_2026_UMS_Surakarta_2\code\results_transformer_study\BNGA\informer_data_random\seed_62\BNGA\summary_transformer.json"
"BNGA","informer_data_random","72","informer","False","True","234.746938212195","186.941848754883","11.157320022583","55106.125","D:\SIML_Juni_2026_UMS_Surakarta_2\code\results_transformer_study\BNGA\informer_data_random\seed_72\BNGA\summary_transformer.json"
"BNGA","informer_data_random","82","informer","False","True","123.210380453769","88.7430267333984","5.08822441101074","15180.7978515625","D:\SIML_Juni_2026_UMS_Surakarta_2\code\results_transformer_study\BNGA\informer_data_random\seed_82\BNGA\summary_transformer.json"
"BNGA","informer_macro","42","informer","True","False","197.830498786208","166.94905090332","10.011116027832","39136.90625","D:\SIML_Juni_2026_UMS_Surakarta_2\code\results_transformer_study\BNGA\informer_macro\seed_42\BNGA\summary_transformer.json"
"BNGA","informer_macro","52","informer","True","False","180.016372953268","144.412689208984","8.59552383422852","32405.89453125","D:\SIML_Juni_2026_UMS_Surakarta_2\code\results_transformer_study\BNGA\informer_macro\seed_52\BNGA\summary_transformer.json"
"BNGA","informer_macro","62","informer","True","False","209.45748375267","171.187316894531","10.3064613342285","43872.4375","D:\SIML_Juni_2026_UMS_Surakarta_2\code\results_transformer_study\BNGA\informer_macro\seed_62\BNGA\summary_transformer.json"
"BNGA","informer_macro","72","informer","True","False","231.456765671259","186.684616088867","10.962854385376","53572.234375","D:\SIML_Juni_2026_UMS_Surakarta_2\code\results_transformer_study\BNGA\informer_macro\seed_72\BNGA\summary_transformer.json"
"BNGA","informer_macro","82","informer","True","False","160.876025880567","124.259605407715","7.18304014205933","25881.095703125","D:\SIML_Juni_2026_UMS_Surakarta_2\code\results_transformer_study\BNGA\informer_macro\seed_82\BNGA\summary_transformer.json"
"BNGA","informer_macro_random","42","informer","True","True","207.230038996522","170.227691650391","10.1263084411621","42944.2890625","D:\SIML_Juni_2026_UMS_Surakarta_2\code\results_transformer_study\BNGA\informer_macro_random\seed_42\BNGA\summary_transformer.json"
"BNGA","informer_macro_random","52","informer","True","True","230.875059217643","200.840637207031","12.7662630081177","53303.29296875","D:\SIML_Juni_2026_UMS_Surakarta_2\code\results_transformer_study\BNGA\informer_macro_random\seed_52\BNGA\summary_transformer.json"
"BNGA","informer_macro_random","62","informer","True","True","182.542000732023","147.011566162109","8.64553928375244","33321.58203125","D:\SIML_Juni_2026_UMS_Surakarta_2\code\results_transformer_study\BNGA\informer_macro_random\seed_62\BNGA\summary_transformer.json"
"BNGA","informer_macro_random","72","informer","True","True","244.104005753695","189.631225585938","10.8753519058228","59586.765625","D:\SIML_Juni_2026_UMS_Surakarta_2\code\results_transformer_study\BNGA\informer_macro_random\seed_72\BNGA\summary_transformer.json"
"BNGA","informer_macro_random","82","informer","True","True","221.603011106009","193.457992553711","11.8612651824951","49107.89453125","D:\SIML_Juni_2026_UMS_Surakarta_2\code\results_transformer_study\BNGA\informer_macro_random\seed_82\BNGA\summary_transformer.json"
