bank,case,seed,model_type,use_macro,optimize,rmse,mae,mape,mse,summary_path,test_predictions_path
BBCA,lstm_data,42,lstm,False,False,1571.0464665311463,1417.208251953125,15.056755065917969,2468187.0,results_study_full\BBCA\lstm_data\seed_42\BBCA\summary_pytorch.json,results_study_full\BBCA\lstm_data\seed_42\BBCA\test_predictions_pytorch.csv
BBCA,lstm_data,52,lstm,False,False,2156.768763683302,1992.391845703125,21.30426597595215,4651651.5,results_study_full\BBCA\lstm_data\seed_52\BBCA\summary_pytorch.json,results_study_full\BBCA\lstm_data\seed_52\BBCA\test_predictions_pytorch.csv
BBCA,lstm_data,62,lstm,False,False,2232.1466125682696,2054.201171875,21.9403133392334,4982478.5,results_study_full\BBCA\lstm_data\seed_62\BBCA\summary_pytorch.json,results_study_full\BBCA\lstm_data\seed_62\BBCA\test_predictions_pytorch.csv
BBCA,lstm_data,72,lstm,False,False,2358.2820017970707,2216.9013671875,23.82394790649414,5561494.0,results_study_full\BBCA\lstm_data\seed_72\BBCA\summary_pytorch.json,results_study_full\BBCA\lstm_data\seed_72\BBCA\test_predictions_pytorch.csv
BBCA,lstm_data,82,lstm,False,False,1992.3587779313243,1825.6153564453125,19.471723556518555,3969493.5,results_study_full\BBCA\lstm_data\seed_82\BBCA\summary_pytorch.json,results_study_full\BBCA\lstm_data\seed_82\BBCA\test_predictions_pytorch.csv
BBCA,lstm_macro,42,lstm,True,False,2619.850663682951,2489.461181640625,26.858461380004883,6863617.5,results_study_full\BBCA\lstm_macro\seed_42\BBCA\summary_pytorch.json,results_study_full\BBCA\lstm_macro\seed_42\BBCA\test_predictions_pytorch.csv
BBCA,lstm_macro,52,lstm,True,False,2155.175630894151,2014.76806640625,21.627235412597656,4644782.0,results_study_full\BBCA\lstm_macro\seed_52\BBCA\summary_pytorch.json,results_study_full\BBCA\lstm_macro\seed_52\BBCA\test_predictions_pytorch.csv
BBCA,lstm_macro,62,lstm,True,False,2535.8382243352985,2411.802734375,26.023286819458008,6430475.5,results_study_full\BBCA\lstm_macro\seed_62\BBCA\summary_pytorch.json,results_study_full\BBCA\lstm_macro\seed_62\BBCA\test_predictions_pytorch.csv
BBCA,lstm_macro,72,lstm,True,False,2559.872067115855,2424.05126953125,26.117000579833984,6552945.0,results_study_full\BBCA\lstm_macro\seed_72\BBCA\summary_pytorch.json,results_study_full\BBCA\lstm_macro\seed_72\BBCA\test_predictions_pytorch.csv
BBCA,lstm_macro,82,lstm,True,False,2537.032321433844,2404.705810546875,25.919891357421875,6436533.0,results_study_full\BBCA\lstm_macro\seed_82\BBCA\summary_pytorch.json,results_study_full\BBCA\lstm_macro\seed_82\BBCA\test_predictions_pytorch.csv
BBCA,bilstm_data,42,bilstm,False,False,1856.013200384092,1709.0277099609375,18.257781982421875,3444785.0,results_study_full\BBCA\bilstm_data\seed_42\BBCA\summary_pytorch.json,results_study_full\BBCA\bilstm_data\seed_42\BBCA\test_predictions_pytorch.csv
BBCA,bilstm_data,52,bilstm,False,False,2133.4180321727854,1961.8280029296875,20.956932067871094,4551472.5,results_study_full\BBCA\bilstm_data\seed_52\BBCA\summary_pytorch.json,results_study_full\BBCA\bilstm_data\seed_52\BBCA\test_predictions_pytorch.csv
BBCA,bilstm_data,62,bilstm,False,False,2008.2223482473248,1833.890869140625,19.54501724243164,4032957.0,results_study_full\BBCA\bilstm_data\seed_62\BBCA\summary_pytorch.json,results_study_full\BBCA\bilstm_data\seed_62\BBCA\test_predictions_pytorch.csv
BBCA,bilstm_data,72,bilstm,False,False,1613.6171324078089,1457.0472412109375,15.49991512298584,2603760.25,results_study_full\BBCA\bilstm_data\seed_72\BBCA\summary_pytorch.json,results_study_full\BBCA\bilstm_data\seed_72\BBCA\test_predictions_pytorch.csv
BBCA,bilstm_data,82,bilstm,False,False,1796.3784400843826,1645.9395751953125,17.563657760620117,3226975.5,results_study_full\BBCA\bilstm_data\seed_82\BBCA\summary_pytorch.json,results_study_full\BBCA\bilstm_data\seed_82\BBCA\test_predictions_pytorch.csv
BBCA,bilstm_macro,42,bilstm,True,False,2083.287546163515,1967.4237060546875,21.186376571655273,4340087.0,results_study_full\BBCA\bilstm_macro\seed_42\BBCA\summary_pytorch.json,results_study_full\BBCA\bilstm_macro\seed_42\BBCA\test_predictions_pytorch.csv
BBCA,bilstm_macro,52,bilstm,True,False,2427.1242242621206,2279.497802734375,24.499584197998047,5890932.0,results_study_full\BBCA\bilstm_macro\seed_52\BBCA\summary_pytorch.json,results_study_full\BBCA\bilstm_macro\seed_52\BBCA\test_predictions_pytorch.csv
BBCA,bilstm_macro,62,bilstm,True,False,2461.488878707357,2342.320556640625,25.287235260009766,6058927.5,results_study_full\BBCA\bilstm_macro\seed_62\BBCA\summary_pytorch.json,results_study_full\BBCA\bilstm_macro\seed_62\BBCA\test_predictions_pytorch.csv
BBCA,bilstm_macro,72,bilstm,True,False,2671.000467989476,2519.322021484375,27.11271858215332,7134243.5,results_study_full\BBCA\bilstm_macro\seed_72\BBCA\summary_pytorch.json,results_study_full\BBCA\bilstm_macro\seed_72\BBCA\test_predictions_pytorch.csv
BBCA,bilstm_macro,82,bilstm,True,False,2386.745063889313,2241.352294921875,24.08287811279297,5696552.0,results_study_full\BBCA\bilstm_macro\seed_82\BBCA\summary_pytorch.json,results_study_full\BBCA\bilstm_macro\seed_82\BBCA\test_predictions_pytorch.csv
BBCA,lstm_data_ga,42,lstm,False,True,2481.080006771245,2345.3671875,25.249771118164062,6155758.0,results_study_full\BBCA\lstm_data_ga\seed_42\BBCA\summary_pytorch.json,results_study_full\BBCA\lstm_data_ga\seed_42\BBCA\test_predictions_pytorch.csv
BBCA,lstm_data_ga,52,lstm,False,True,2394.496502398782,2239.1728515625,24.02965545654297,5733613.5,results_study_full\BBCA\lstm_data_ga\seed_52\BBCA\summary_pytorch.json,results_study_full\BBCA\lstm_data_ga\seed_52\BBCA\test_predictions_pytorch.csv
BBCA,lstm_data_ga,62,lstm,False,True,2151.9500458886123,2003.031494140625,21.474292755126953,4630889.0,results_study_full\BBCA\lstm_data_ga\seed_62\BBCA\summary_pytorch.json,results_study_full\BBCA\lstm_data_ga\seed_62\BBCA\test_predictions_pytorch.csv
BBCA,lstm_data_ga,72,lstm,False,True,663.7962083727203,590.0924682617188,6.268417835235596,440625.40625,results_study_full\BBCA\lstm_data_ga\seed_72\BBCA\summary_pytorch.json,results_study_full\BBCA\lstm_data_ga\seed_72\BBCA\test_predictions_pytorch.csv
BBCA,lstm_data_ga,82,lstm,False,True,2772.8107580576066,2606.099365234375,28.012767791748047,7688479.5,results_study_full\BBCA\lstm_data_ga\seed_82\BBCA\summary_pytorch.json,results_study_full\BBCA\lstm_data_ga\seed_82\BBCA\test_predictions_pytorch.csv
BBCA,lstm_macro_ga,42,lstm,True,True,2440.9538094769428,2296.16845703125,24.684038162231445,5958255.5,results_study_full\BBCA\lstm_macro_ga\seed_42\BBCA\summary_pytorch.json,results_study_full\BBCA\lstm_macro_ga\seed_42\BBCA\test_predictions_pytorch.csv
BBCA,lstm_macro_ga,52,lstm,True,True,2432.1347618912896,2273.14697265625,24.394182205200195,5915279.5,results_study_full\BBCA\lstm_macro_ga\seed_52\BBCA\summary_pytorch.json,results_study_full\BBCA\lstm_macro_ga\seed_52\BBCA\test_predictions_pytorch.csv
BBCA,lstm_macro_ga,62,lstm,True,True,2266.388536857703,2130.930419921875,22.909818649291992,5136517.0,results_study_full\BBCA\lstm_macro_ga\seed_62\BBCA\summary_pytorch.json,results_study_full\BBCA\lstm_macro_ga\seed_62\BBCA\test_predictions_pytorch.csv
BBCA,lstm_macro_ga,72,lstm,True,True,2642.557000331308,2486.538330078125,26.730167388916016,6983107.5,results_study_full\BBCA\lstm_macro_ga\seed_72\BBCA\summary_pytorch.json,results_study_full\BBCA\lstm_macro_ga\seed_72\BBCA\test_predictions_pytorch.csv
BBCA,lstm_macro_ga,82,lstm,True,True,2860.786517725501,2746.568359375,29.740264892578125,8184099.5,results_study_full\BBCA\lstm_macro_ga\seed_82\BBCA\summary_pytorch.json,results_study_full\BBCA\lstm_macro_ga\seed_82\BBCA\test_predictions_pytorch.csv
BBCA,bilstm_data_ga,42,bilstm,False,True,2056.668787140992,1915.552490234375,20.537841796875,4229886.5,results_study_full\BBCA\bilstm_data_ga\seed_42\BBCA\summary_pytorch.json,results_study_full\BBCA\bilstm_data_ga\seed_42\BBCA\test_predictions_pytorch.csv
BBCA,bilstm_data_ga,52,bilstm,False,True,2263.1316797747318,2110.1630859375,22.622970581054688,5121765.0,results_study_full\BBCA\bilstm_data_ga\seed_52\BBCA\summary_pytorch.json,results_study_full\BBCA\bilstm_data_ga\seed_52\BBCA\test_predictions_pytorch.csv
BBCA,bilstm_data_ga,62,bilstm,False,True,2138.669679964627,1972.58740234375,21.081239700317383,4573908.0,results_study_full\BBCA\bilstm_data_ga\seed_62\BBCA\summary_pytorch.json,results_study_full\BBCA\bilstm_data_ga\seed_62\BBCA\test_predictions_pytorch.csv
BBCA,bilstm_data_ga,72,bilstm,False,True,1197.662723808335,1078.3302001953125,11.459188461303711,1434396.0,results_study_full\BBCA\bilstm_data_ga\seed_72\BBCA\summary_pytorch.json,results_study_full\BBCA\bilstm_data_ga\seed_72\BBCA\test_predictions_pytorch.csv
BBCA,bilstm_data_ga,82,bilstm,False,True,1818.223927353284,1686.715576171875,18.066007614135742,3305938.25,results_study_full\BBCA\bilstm_data_ga\seed_82\BBCA\summary_pytorch.json,results_study_full\BBCA\bilstm_data_ga\seed_82\BBCA\test_predictions_pytorch.csv
BBCA,bilstm_macro_ga,42,bilstm,True,True,2241.5649667141033,2116.612060546875,22.791139602661133,5024613.5,results_study_full\BBCA\bilstm_macro_ga\seed_42\BBCA\summary_pytorch.json,results_study_full\BBCA\bilstm_macro_ga\seed_42\BBCA\test_predictions_pytorch.csv
BBCA,bilstm_macro_ga,52,bilstm,True,True,2734.2441368685422,2610.883056640625,28.21318817138672,7476091.0,results_study_full\BBCA\bilstm_macro_ga\seed_52\BBCA\summary_pytorch.json,results_study_full\BBCA\bilstm_macro_ga\seed_52\BBCA\test_predictions_pytorch.csv
BBCA,bilstm_macro_ga,62,bilstm,True,True,2553.88028302033,2425.773193359375,26.173479080200195,6522304.5,results_study_full\BBCA\bilstm_macro_ga\seed_62\BBCA\summary_pytorch.json,results_study_full\BBCA\bilstm_macro_ga\seed_62\BBCA\test_predictions_pytorch.csv
BBCA,bilstm_macro_ga,72,bilstm,True,True,1818.0859440631514,1719.36328125,18.524354934692383,3305436.5,results_study_full\BBCA\bilstm_macro_ga\seed_72\BBCA\summary_pytorch.json,results_study_full\BBCA\bilstm_macro_ga\seed_72\BBCA\test_predictions_pytorch.csv
BBCA,bilstm_macro_ga,82,bilstm,True,True,2354.9409759057658,2247.260986328125,24.302766799926758,5545747.0,results_study_full\BBCA\bilstm_macro_ga\seed_82\BBCA\summary_pytorch.json,results_study_full\BBCA\bilstm_macro_ga\seed_82\BBCA\test_predictions_pytorch.csv
BBNI,lstm_data,42,lstm,False,False,343.052428573243,268.0943908691406,5.237091541290283,117684.96875,results_study_full\BBNI\lstm_data\seed_42\BBNI\summary_pytorch.json,results_study_full\BBNI\lstm_data\seed_42\BBNI\test_predictions_pytorch.csv
BBNI,lstm_data,52,lstm,False,False,392.1055342634174,304.3528747558594,5.92857027053833,153746.75,results_study_full\BBNI\lstm_data\seed_52\BBNI\summary_pytorch.json,results_study_full\BBNI\lstm_data\seed_52\BBNI\test_predictions_pytorch.csv
BBNI,lstm_data,62,lstm,False,False,522.0685419559389,430.4230651855469,8.470044136047363,272555.5625,results_study_full\BBNI\lstm_data\seed_62\BBNI\summary_pytorch.json,results_study_full\BBNI\lstm_data\seed_62\BBNI\test_predictions_pytorch.csv
BBNI,lstm_data,72,lstm,False,False,329.8313963224241,231.3692169189453,4.435642242431641,108788.75,results_study_full\BBNI\lstm_data\seed_72\BBNI\summary_pytorch.json,results_study_full\BBNI\lstm_data\seed_72\BBNI\test_predictions_pytorch.csv
BBNI,lstm_data,82,lstm,False,False,288.5235313193709,199.46084594726562,3.8210608959198,83245.828125,results_study_full\BBNI\lstm_data\seed_82\BBNI\summary_pytorch.json,results_study_full\BBNI\lstm_data\seed_82\BBNI\test_predictions_pytorch.csv
BBNI,lstm_macro,42,lstm,True,False,514.9112484205409,434.8695373535156,8.605060577392578,265133.59375,results_study_full\BBNI\lstm_macro\seed_42\BBNI\summary_pytorch.json,results_study_full\BBNI\lstm_macro\seed_42\BBNI\test_predictions_pytorch.csv
BBNI,lstm_macro,52,lstm,True,False,462.46537032517364,371.03936767578125,7.2667622566223145,213874.21875,results_study_full\BBNI\lstm_macro\seed_52\BBNI\summary_pytorch.json,results_study_full\BBNI\lstm_macro\seed_52\BBNI\test_predictions_pytorch.csv
BBNI,lstm_macro,62,lstm,True,False,435.25025129228817,351.5408630371094,6.89164924621582,189442.78125,results_study_full\BBNI\lstm_macro\seed_62\BBNI\summary_pytorch.json,results_study_full\BBNI\lstm_macro\seed_62\BBNI\test_predictions_pytorch.csv
BBNI,lstm_macro,72,lstm,True,False,576.4603195363927,501.85089111328125,9.984522819519043,332306.5,results_study_full\BBNI\lstm_macro\seed_72\BBNI\summary_pytorch.json,results_study_full\BBNI\lstm_macro\seed_72\BBNI\test_predictions_pytorch.csv
BBNI,lstm_macro,82,lstm,True,False,462.2839360176817,359.5137023925781,7.035252571105957,213706.4375,results_study_full\BBNI\lstm_macro\seed_82\BBNI\summary_pytorch.json,results_study_full\BBNI\lstm_macro\seed_82\BBNI\test_predictions_pytorch.csv
BBNI,bilstm_data,42,bilstm,False,False,319.879286313603,234.8400421142578,4.537227153778076,102322.7578125,results_study_full\BBNI\bilstm_data\seed_42\BBNI\summary_pytorch.json,results_study_full\BBNI\bilstm_data\seed_42\BBNI\test_predictions_pytorch.csv
BBNI,bilstm_data,52,bilstm,False,False,387.47328536945616,305.8481750488281,5.981809616088867,150135.546875,results_study_full\BBNI\bilstm_data\seed_52\BBNI\summary_pytorch.json,results_study_full\BBNI\bilstm_data\seed_52\BBNI\test_predictions_pytorch.csv
BBNI,bilstm_data,62,bilstm,False,False,395.3817972858639,288.9526672363281,5.5680742263793945,156326.765625,results_study_full\BBNI\bilstm_data\seed_62\BBNI\summary_pytorch.json,results_study_full\BBNI\bilstm_data\seed_62\BBNI\test_predictions_pytorch.csv
BBNI,bilstm_data,72,bilstm,False,False,321.70527078367866,243.7388153076172,4.7352166175842285,103494.28125,results_study_full\BBNI\bilstm_data\seed_72\BBNI\summary_pytorch.json,results_study_full\BBNI\bilstm_data\seed_72\BBNI\test_predictions_pytorch.csv
BBNI,bilstm_data,82,bilstm,False,False,254.82172843234935,189.9097442626953,3.693031072616577,64934.11328125,results_study_full\BBNI\bilstm_data\seed_82\BBNI\summary_pytorch.json,results_study_full\BBNI\bilstm_data\seed_82\BBNI\test_predictions_pytorch.csv
BBNI,bilstm_macro,42,bilstm,True,False,432.2439993799798,359.49237060546875,7.084855556488037,186834.875,results_study_full\BBNI\bilstm_macro\seed_42\BBNI\summary_pytorch.json,results_study_full\BBNI\bilstm_macro\seed_42\BBNI\test_predictions_pytorch.csv
BBNI,bilstm_macro,52,bilstm,True,False,492.04927027178894,387.29351806640625,7.546690940856934,242112.484375,results_study_full\BBNI\bilstm_macro\seed_52\BBNI\summary_pytorch.json,results_study_full\BBNI\bilstm_macro\seed_52\BBNI\test_predictions_pytorch.csv
BBNI,bilstm_macro,62,bilstm,True,False,452.7067379938143,358.508544921875,7.017218112945557,204943.390625,results_study_full\BBNI\bilstm_macro\seed_62\BBNI\summary_pytorch.json,results_study_full\BBNI\bilstm_macro\seed_62\BBNI\test_predictions_pytorch.csv
BBNI,bilstm_macro,72,bilstm,True,False,545.0004873851032,466.46307373046875,9.257963180541992,297025.53125,results_study_full\BBNI\bilstm_macro\seed_72\BBNI\summary_pytorch.json,results_study_full\BBNI\bilstm_macro\seed_72\BBNI\test_predictions_pytorch.csv
BBNI,bilstm_macro,82,bilstm,True,False,415.641559820478,321.13214111328125,6.2540283203125,172757.90625,results_study_full\BBNI\bilstm_macro\seed_82\BBNI\summary_pytorch.json,results_study_full\BBNI\bilstm_macro\seed_82\BBNI\test_predictions_pytorch.csv
BBNI,lstm_data_ga,42,lstm,False,True,339.4017484854785,257.1298522949219,5.005313873291016,115193.546875,results_study_full\BBNI\lstm_data_ga\seed_42\BBNI\summary_pytorch.json,results_study_full\BBNI\lstm_data_ga\seed_42\BBNI\test_predictions_pytorch.csv
BBNI,lstm_data_ga,52,lstm,False,True,445.11095877881957,335.3699951171875,6.48890495300293,198123.765625,results_study_full\BBNI\lstm_data_ga\seed_52\BBNI\summary_pytorch.json,results_study_full\BBNI\lstm_data_ga\seed_52\BBNI\test_predictions_pytorch.csv
BBNI,lstm_data_ga,62,lstm,False,True,458.2037449377733,359.39215087890625,7.016329288482666,209950.671875,results_study_full\BBNI\lstm_data_ga\seed_62\BBNI\summary_pytorch.json,results_study_full\BBNI\lstm_data_ga\seed_62\BBNI\test_predictions_pytorch.csv
BBNI,lstm_data_ga,72,lstm,False,True,245.50077965762145,176.99221801757812,3.4271962642669678,60270.6328125,results_study_full\BBNI\lstm_data_ga\seed_72\BBNI\summary_pytorch.json,results_study_full\BBNI\lstm_data_ga\seed_72\BBNI\test_predictions_pytorch.csv
BBNI,lstm_data_ga,82,lstm,False,True,394.03600723791726,317.54852294921875,6.234006881713867,155264.375,results_study_full\BBNI\lstm_data_ga\seed_82\BBNI\summary_pytorch.json,results_study_full\BBNI\lstm_data_ga\seed_82\BBNI\test_predictions_pytorch.csv
BBNI,lstm_macro_ga,42,lstm,True,True,527.1053915015478,415.4338684082031,8.141175270080566,277840.09375,results_study_full\BBNI\lstm_macro_ga\seed_42\BBNI\summary_pytorch.json,results_study_full\BBNI\lstm_macro_ga\seed_42\BBNI\test_predictions_pytorch.csv
BBNI,lstm_macro_ga,52,lstm,True,True,515.3141638845182,422.6121520996094,8.32933521270752,265548.6875,results_study_full\BBNI\lstm_macro_ga\seed_52\BBNI\summary_pytorch.json,results_study_full\BBNI\lstm_macro_ga\seed_52\BBNI\test_predictions_pytorch.csv
BBNI,lstm_macro_ga,62,lstm,True,True,537.2873125712164,422.4330139160156,8.244606971740723,288677.65625,results_study_full\BBNI\lstm_macro_ga\seed_62\BBNI\summary_pytorch.json,results_study_full\BBNI\lstm_macro_ga\seed_62\BBNI\test_predictions_pytorch.csv
BBNI,lstm_macro_ga,72,lstm,True,True,363.54227316090765,295.79180908203125,5.812168598175049,132162.984375,results_study_full\BBNI\lstm_macro_ga\seed_72\BBNI\summary_pytorch.json,results_study_full\BBNI\lstm_macro_ga\seed_72\BBNI\test_predictions_pytorch.csv
BBNI,lstm_macro_ga,82,lstm,True,True,635.9382340290604,544.4319458007812,10.837126731872559,404417.4375,results_study_full\BBNI\lstm_macro_ga\seed_82\BBNI\summary_pytorch.json,results_study_full\BBNI\lstm_macro_ga\seed_82\BBNI\test_predictions_pytorch.csv
BBNI,bilstm_data_ga,42,bilstm,False,True,482.85409610461005,376.8030700683594,7.362511157989502,233148.078125,results_study_full\BBNI\bilstm_data_ga\seed_42\BBNI\summary_pytorch.json,results_study_full\BBNI\bilstm_data_ga\seed_42\BBNI\test_predictions_pytorch.csv
BBNI,bilstm_data_ga,52,bilstm,False,True,357.67450941813007,270.40606689453125,5.245865345001221,127931.0546875,results_study_full\BBNI\bilstm_data_ga\seed_52\BBNI\summary_pytorch.json,results_study_full\BBNI\bilstm_data_ga\seed_52\BBNI\test_predictions_pytorch.csv
BBNI,bilstm_data_ga,62,bilstm,False,True,253.70622313268154,175.73109436035156,3.377013683319092,64366.84765625,results_study_full\BBNI\bilstm_data_ga\seed_62\BBNI\summary_pytorch.json,results_study_full\BBNI\bilstm_data_ga\seed_62\BBNI\test_predictions_pytorch.csv
BBNI,bilstm_data_ga,72,bilstm,False,True,311.65470676696026,243.8394317626953,4.792433738708496,97128.65625,results_study_full\BBNI\bilstm_data_ga\seed_72\BBNI\summary_pytorch.json,results_study_full\BBNI\bilstm_data_ga\seed_72\BBNI\test_predictions_pytorch.csv
BBNI,bilstm_data_ga,82,bilstm,False,True,431.8248704625522,324.4055480957031,6.278814315795898,186472.71875,results_study_full\BBNI\bilstm_data_ga\seed_82\BBNI\summary_pytorch.json,results_study_full\BBNI\bilstm_data_ga\seed_82\BBNI\test_predictions_pytorch.csv
BBNI,bilstm_macro_ga,42,bilstm,True,True,447.5759712048894,377.4127502441406,7.477115631103516,200324.25,results_study_full\BBNI\bilstm_macro_ga\seed_42\BBNI\summary_pytorch.json,results_study_full\BBNI\bilstm_macro_ga\seed_42\BBNI\test_predictions_pytorch.csv
BBNI,bilstm_macro_ga,52,bilstm,True,True,432.21245860687543,349.5848693847656,6.8639678955078125,186807.609375,results_study_full\BBNI\bilstm_macro_ga\seed_52\BBNI\summary_pytorch.json,results_study_full\BBNI\bilstm_macro_ga\seed_52\BBNI\test_predictions_pytorch.csv
BBNI,bilstm_macro_ga,62,bilstm,True,True,590.3929305979196,497.8690490722656,9.838149070739746,348563.8125,results_study_full\BBNI\bilstm_macro_ga\seed_62\BBNI\summary_pytorch.json,results_study_full\BBNI\bilstm_macro_ga\seed_62\BBNI\test_predictions_pytorch.csv
BBNI,bilstm_macro_ga,72,bilstm,True,True,443.22498871904776,366.2949523925781,7.207015037536621,196448.390625,results_study_full\BBNI\bilstm_macro_ga\seed_72\BBNI\summary_pytorch.json,results_study_full\BBNI\bilstm_macro_ga\seed_72\BBNI\test_predictions_pytorch.csv
BBNI,bilstm_macro_ga,82,bilstm,True,True,359.4690963768652,297.4234924316406,5.872769832611084,129218.03125,results_study_full\BBNI\bilstm_macro_ga\seed_82\BBNI\summary_pytorch.json,results_study_full\BBNI\bilstm_macro_ga\seed_82\BBNI\test_predictions_pytorch.csv
BBRI,lstm_data,42,lstm,False,False,518.9034411622263,425.4913024902344,8.137055397033691,269260.78125,results_study_full\BBRI\lstm_data\seed_42\BBRI\summary_pytorch.json,results_study_full\BBRI\lstm_data\seed_42\BBRI\test_predictions_pytorch.csv
BBRI,lstm_data,52,lstm,False,False,952.9583542841733,857.6966552734375,16.686969757080078,908129.625,results_study_full\BBRI\lstm_data\seed_52\BBRI\summary_pytorch.json,results_study_full\BBRI\lstm_data\seed_52\BBRI\test_predictions_pytorch.csv
BBRI,lstm_data,62,lstm,False,False,616.0032467446905,495.7051696777344,9.39588737487793,379460.0,results_study_full\BBRI\lstm_data\seed_62\BBRI\summary_pytorch.json,results_study_full\BBRI\lstm_data\seed_62\BBRI\test_predictions_pytorch.csv
BBRI,lstm_data,72,lstm,False,False,889.3556656366451,778.6327514648438,15.024723052978516,790953.5,results_study_full\BBRI\lstm_data\seed_72\BBRI\summary_pytorch.json,results_study_full\BBRI\lstm_data\seed_72\BBRI\test_predictions_pytorch.csv
BBRI,lstm_data,82,lstm,False,False,685.323349777315,605.8988647460938,11.754823684692383,469668.09375,results_study_full\BBRI\lstm_data\seed_82\BBRI\summary_pytorch.json,results_study_full\BBRI\lstm_data\seed_82\BBRI\test_predictions_pytorch.csv
BBRI,lstm_macro,42,lstm,True,False,768.098829904069,704.2957763671875,13.80202579498291,589975.8125,results_study_full\BBRI\lstm_macro\seed_42\BBRI\summary_pytorch.json,results_study_full\BBRI\lstm_macro\seed_42\BBRI\test_predictions_pytorch.csv
BBRI,lstm_macro,52,lstm,True,False,724.2235497413765,611.4797973632812,11.704044342041016,524499.75,results_study_full\BBRI\lstm_macro\seed_52\BBRI\summary_pytorch.json,results_study_full\BBRI\lstm_macro\seed_52\BBRI\test_predictions_pytorch.csv
BBRI,lstm_macro,62,lstm,True,False,629.3763282011804,526.0305786132812,10.077381134033203,396114.5625,results_study_full\BBRI\lstm_macro\seed_62\BBRI\summary_pytorch.json,results_study_full\BBRI\lstm_macro\seed_62\BBRI\test_predictions_pytorch.csv
BBRI,lstm_macro,72,lstm,True,False,768.6292994675651,702.4346923828125,13.740507125854492,590791.0,results_study_full\BBRI\lstm_macro\seed_72\BBRI\summary_pytorch.json,results_study_full\BBRI\lstm_macro\seed_72\BBRI\test_predictions_pytorch.csv
BBRI,lstm_macro,82,lstm,True,False,725.6555656783734,655.466552734375,12.785185813903809,526576.0,results_study_full\BBRI\lstm_macro\seed_82\BBRI\summary_pytorch.json,results_study_full\BBRI\lstm_macro\seed_82\BBRI\test_predictions_pytorch.csv
BBRI,bilstm_data,42,bilstm,False,False,587.5435622147519,498.5445556640625,9.596131324768066,345207.4375,results_study_full\BBRI\bilstm_data\seed_42\BBRI\summary_pytorch.json,results_study_full\BBRI\bilstm_data\seed_42\BBRI\test_predictions_pytorch.csv
BBRI,bilstm_data,52,bilstm,False,False,368.1791131704785,259.94964599609375,4.8358988761901855,135555.859375,results_study_full\BBRI\bilstm_data\seed_52\BBRI\summary_pytorch.json,results_study_full\BBRI\bilstm_data\seed_52\BBRI\test_predictions_pytorch.csv
BBRI,bilstm_data,62,bilstm,False,False,677.4905211514033,582.2472534179688,11.20349407196045,458993.40625,results_study_full\BBRI\bilstm_data\seed_62\BBRI\summary_pytorch.json,results_study_full\BBRI\bilstm_data\seed_62\BBRI\test_predictions_pytorch.csv
BBRI,bilstm_data,72,bilstm,False,False,558.9113022206654,477.8772277832031,9.19532585144043,312381.84375,results_study_full\BBRI\bilstm_data\seed_72\BBRI\summary_pytorch.json,results_study_full\BBRI\bilstm_data\seed_72\BBRI\test_predictions_pytorch.csv
BBRI,bilstm_data,82,bilstm,False,False,436.39254476331286,358.5824890136719,6.860594272613525,190438.453125,results_study_full\BBRI\bilstm_data\seed_82\BBRI\summary_pytorch.json,results_study_full\BBRI\bilstm_data\seed_82\BBRI\test_predictions_pytorch.csv
BBRI,bilstm_macro,42,bilstm,True,False,666.574522277892,560.009765625,10.71399211883545,444321.59375,results_study_full\BBRI\bilstm_macro\seed_42\BBRI\summary_pytorch.json,results_study_full\BBRI\bilstm_macro\seed_42\BBRI\test_predictions_pytorch.csv
BBRI,bilstm_macro,52,bilstm,True,False,601.4628001796953,483.66436767578125,9.169666290283203,361757.5,results_study_full\BBRI\bilstm_macro\seed_52\BBRI\summary_pytorch.json,results_study_full\BBRI\bilstm_macro\seed_52\BBRI\test_predictions_pytorch.csv
BBRI,bilstm_macro,62,bilstm,True,False,650.9878791114317,571.5594482421875,11.06821346282959,423785.21875,results_study_full\BBRI\bilstm_macro\seed_62\BBRI\summary_pytorch.json,results_study_full\BBRI\bilstm_macro\seed_62\BBRI\test_predictions_pytorch.csv
BBRI,bilstm_macro,72,bilstm,True,False,705.2679012261937,632.4727783203125,12.341057777404785,497402.8125,results_study_full\BBRI\bilstm_macro\seed_72\BBRI\summary_pytorch.json,results_study_full\BBRI\bilstm_macro\seed_72\BBRI\test_predictions_pytorch.csv
BBRI,bilstm_macro,82,bilstm,True,False,613.821406233116,518.71044921875,9.951065063476562,376776.71875,results_study_full\BBRI\bilstm_macro\seed_82\BBRI\summary_pytorch.json,results_study_full\BBRI\bilstm_macro\seed_82\BBRI\test_predictions_pytorch.csv
BBRI,lstm_data_ga,42,lstm,False,True,1195.9557893166452,1116.7430419921875,21.950664520263672,1430310.25,results_study_full\BBRI\lstm_data_ga\seed_42\BBRI\summary_pytorch.json,results_study_full\BBRI\lstm_data_ga\seed_42\BBRI\test_predictions_pytorch.csv
BBRI,lstm_data_ga,52,lstm,False,True,723.0571165198501,617.8796997070312,11.875858306884766,522811.59375,results_study_full\BBRI\lstm_data_ga\seed_52\BBRI\summary_pytorch.json,results_study_full\BBRI\lstm_data_ga\seed_52\BBRI\test_predictions_pytorch.csv
BBRI,lstm_data_ga,62,lstm,False,True,604.3875774285901,497.93524169921875,9.493865013122559,365284.34375,results_study_full\BBRI\lstm_data_ga\seed_62\BBRI\summary_pytorch.json,results_study_full\BBRI\lstm_data_ga\seed_62\BBRI\test_predictions_pytorch.csv
BBRI,lstm_data_ga,72,lstm,False,True,397.2944633706843,304.0630798339844,5.730782985687256,157842.890625,results_study_full\BBRI\lstm_data_ga\seed_72\BBRI\summary_pytorch.json,results_study_full\BBRI\lstm_data_ga\seed_72\BBRI\test_predictions_pytorch.csv
BBRI,lstm_data_ga,82,lstm,False,True,722.3964242367206,633.8465576171875,12.251814842224121,521856.59375,results_study_full\BBRI\lstm_data_ga\seed_82\BBRI\summary_pytorch.json,results_study_full\BBRI\lstm_data_ga\seed_82\BBRI\test_predictions_pytorch.csv
BBRI,lstm_macro_ga,42,lstm,True,True,664.9854086745062,560.8179931640625,10.744322776794434,442205.59375,results_study_full\BBRI\lstm_macro_ga\seed_42\BBRI\summary_pytorch.json,results_study_full\BBRI\lstm_macro_ga\seed_42\BBRI\test_predictions_pytorch.csv
BBRI,lstm_macro_ga,52,lstm,True,True,770.7418909725875,688.5923461914062,13.465784072875977,594043.0625,results_study_full\BBRI\lstm_macro_ga\seed_52\BBRI\summary_pytorch.json,results_study_full\BBRI\lstm_macro_ga\seed_52\BBRI\test_predictions_pytorch.csv
BBRI,lstm_macro_ga,62,lstm,True,True,658.0788564070418,586.4841918945312,11.412933349609375,433067.78125,results_study_full\BBRI\lstm_macro_ga\seed_62\BBRI\summary_pytorch.json,results_study_full\BBRI\lstm_macro_ga\seed_62\BBRI\test_predictions_pytorch.csv
BBRI,lstm_macro_ga,72,lstm,True,True,571.6727374556181,464.8646545410156,8.835886001586914,326809.71875,results_study_full\BBRI\lstm_macro_ga\seed_72\BBRI\summary_pytorch.json,results_study_full\BBRI\lstm_macro_ga\seed_72\BBRI\test_predictions_pytorch.csv
BBRI,lstm_macro_ga,82,lstm,True,True,764.906734510816,703.623046875,13.815569877624512,585082.3125,results_study_full\BBRI\lstm_macro_ga\seed_82\BBRI\summary_pytorch.json,results_study_full\BBRI\lstm_macro_ga\seed_82\BBRI\test_predictions_pytorch.csv
BBRI,bilstm_data_ga,42,bilstm,False,True,555.4189297278226,484.5606994628906,9.371514320373535,308490.1875,results_study_full\BBRI\bilstm_data_ga\seed_42\BBRI\summary_pytorch.json,results_study_full\BBRI\bilstm_data_ga\seed_42\BBRI\test_predictions_pytorch.csv
BBRI,bilstm_data_ga,52,bilstm,False,True,748.969124864303,648.7957763671875,12.489892959594727,560954.75,results_study_full\BBRI\bilstm_data_ga\seed_52\BBRI\summary_pytorch.json,results_study_full\BBRI\bilstm_data_ga\seed_52\BBRI\test_predictions_pytorch.csv
BBRI,bilstm_data_ga,62,bilstm,False,True,489.92505804459523,407.6982116699219,7.82218074798584,240026.5625,results_study_full\BBRI\bilstm_data_ga\seed_62\BBRI\summary_pytorch.json,results_study_full\BBRI\bilstm_data_ga\seed_62\BBRI\test_predictions_pytorch.csv
BBRI,bilstm_data_ga,72,bilstm,False,True,314.0749064713703,243.0135955810547,4.625992774963379,98643.046875,results_study_full\BBRI\bilstm_data_ga\seed_72\BBRI\summary_pytorch.json,results_study_full\BBRI\bilstm_data_ga\seed_72\BBRI\test_predictions_pytorch.csv
BBRI,bilstm_data_ga,82,bilstm,False,True,839.5312308068117,753.8348999023438,14.667768478393555,704812.6875,results_study_full\BBRI\bilstm_data_ga\seed_82\BBRI\summary_pytorch.json,results_study_full\BBRI\bilstm_data_ga\seed_82\BBRI\test_predictions_pytorch.csv
BBRI,bilstm_macro_ga,42,bilstm,True,True,647.5569231735539,567.895263671875,10.986051559448242,419329.96875,results_study_full\BBRI\bilstm_macro_ga\seed_42\BBRI\summary_pytorch.json,results_study_full\BBRI\bilstm_macro_ga\seed_42\BBRI\test_predictions_pytorch.csv
BBRI,bilstm_macro_ga,52,bilstm,True,True,1087.0638205735668,992.8148803710938,19.371889114379883,1181707.75,results_study_full\BBRI\bilstm_macro_ga\seed_52\BBRI\summary_pytorch.json,results_study_full\BBRI\bilstm_macro_ga\seed_52\BBRI\test_predictions_pytorch.csv
BBRI,bilstm_macro_ga,62,bilstm,True,True,586.3626490918398,506.9703063964844,9.77418327331543,343821.15625,results_study_full\BBRI\bilstm_macro_ga\seed_62\BBRI\summary_pytorch.json,results_study_full\BBRI\bilstm_macro_ga\seed_62\BBRI\test_predictions_pytorch.csv
BBRI,bilstm_macro_ga,72,bilstm,True,True,507.1479228242979,416.8749084472656,7.943748474121094,257199.015625,results_study_full\BBRI\bilstm_macro_ga\seed_72\BBRI\summary_pytorch.json,results_study_full\BBRI\bilstm_macro_ga\seed_72\BBRI\test_predictions_pytorch.csv
BBRI,bilstm_macro_ga,82,bilstm,True,True,560.4823257695108,483.3890686035156,9.316158294677734,314140.4375,results_study_full\BBRI\bilstm_macro_ga\seed_82\BBRI\summary_pytorch.json,results_study_full\BBRI\bilstm_macro_ga\seed_82\BBRI\test_predictions_pytorch.csv
BBTN,lstm_data,42,lstm,False,False,117.25513048476813,104.49414825439453,7.893093585968018,13748.765625,results_study_full\BBTN\lstm_data\seed_42\BBTN\summary_pytorch.json,results_study_full\BBTN\lstm_data\seed_42\BBTN\test_predictions_pytorch.csv
BBTN,lstm_data,52,lstm,False,False,124.85012108274064,115.24079132080078,8.659902572631836,15587.552734375,results_study_full\BBTN\lstm_data\seed_52\BBTN\summary_pytorch.json,results_study_full\BBTN\lstm_data\seed_52\BBTN\test_predictions_pytorch.csv
BBTN,lstm_data,62,lstm,False,False,46.816565139749144,38.34540557861328,2.8046834468841553,2191.790771484375,results_study_full\BBTN\lstm_data\seed_62\BBTN\summary_pytorch.json,results_study_full\BBTN\lstm_data\seed_62\BBTN\test_predictions_pytorch.csv
BBTN,lstm_data,72,lstm,False,False,76.15885305358465,64.41741180419922,4.898031234741211,5800.1708984375,results_study_full\BBTN\lstm_data\seed_72\BBTN\summary_pytorch.json,results_study_full\BBTN\lstm_data\seed_72\BBTN\test_predictions_pytorch.csv
BBTN,lstm_data,82,lstm,False,False,34.67144546827223,26.578231811523438,1.9484241008758545,1202.109130859375,results_study_full\BBTN\lstm_data\seed_82\BBTN\summary_pytorch.json,results_study_full\BBTN\lstm_data\seed_82\BBTN\test_predictions_pytorch.csv
BBTN,lstm_macro,42,lstm,True,False,49.4314279022276,41.46104431152344,3.0247385501861572,2443.466064453125,results_study_full\BBTN\lstm_macro\seed_42\BBTN\summary_pytorch.json,results_study_full\BBTN\lstm_macro\seed_42\BBTN\test_predictions_pytorch.csv
BBTN,lstm_macro,52,lstm,True,False,100.05276928014037,87.60128021240234,6.403831481933594,10010.556640625,results_study_full\BBTN\lstm_macro\seed_52\BBTN\summary_pytorch.json,results_study_full\BBTN\lstm_macro\seed_52\BBTN\test_predictions_pytorch.csv
BBTN,lstm_macro,62,lstm,True,False,72.14293470149208,61.93842697143555,4.5622944831848145,5204.60302734375,results_study_full\BBTN\lstm_macro\seed_62\BBTN\summary_pytorch.json,results_study_full\BBTN\lstm_macro\seed_62\BBTN\test_predictions_pytorch.csv
BBTN,lstm_macro,72,lstm,True,False,52.53799778196253,41.256011962890625,3.034161329269409,2760.2412109375,results_study_full\BBTN\lstm_macro\seed_72\BBTN\summary_pytorch.json,results_study_full\BBTN\lstm_macro\seed_72\BBTN\test_predictions_pytorch.csv
BBTN,lstm_macro,82,lstm,True,False,105.43445738793129,83.381103515625,6.014038562774658,11116.4248046875,results_study_full\BBTN\lstm_macro\seed_82\BBTN\summary_pytorch.json,results_study_full\BBTN\lstm_macro\seed_82\BBTN\test_predictions_pytorch.csv
BBTN,bilstm_data,42,bilstm,False,False,64.00333777307047,56.173614501953125,4.229686260223389,4096.42724609375,results_study_full\BBTN\bilstm_data\seed_42\BBTN\summary_pytorch.json,results_study_full\BBTN\bilstm_data\seed_42\BBTN\test_predictions_pytorch.csv
BBTN,bilstm_data,52,bilstm,False,False,78.3364139465166,70.68455505371094,5.299210071563721,6136.59375,results_study_full\BBTN\bilstm_data\seed_52\BBTN\summary_pytorch.json,results_study_full\BBTN\bilstm_data\seed_52\BBTN\test_predictions_pytorch.csv
BBTN,bilstm_data,62,bilstm,False,False,63.914004725099176,57.025630950927734,4.265814781188965,4085.0,results_study_full\BBTN\bilstm_data\seed_62\BBTN\summary_pytorch.json,results_study_full\BBTN\bilstm_data\seed_62\BBTN\test_predictions_pytorch.csv
BBTN,bilstm_data,72,bilstm,False,False,111.68828693063566,105.37782287597656,7.904072284698486,12474.2734375,results_study_full\BBTN\bilstm_data\seed_72\BBTN\summary_pytorch.json,results_study_full\BBTN\bilstm_data\seed_72\BBTN\test_predictions_pytorch.csv
BBTN,bilstm_data,82,bilstm,False,False,83.15721004237245,76.31820678710938,5.69950532913208,6915.12158203125,results_study_full\BBTN\bilstm_data\seed_82\BBTN\summary_pytorch.json,results_study_full\BBTN\bilstm_data\seed_82\BBTN\test_predictions_pytorch.csv
BBTN,bilstm_macro,42,bilstm,True,False,52.185953850599255,41.1414794921875,3.0224220752716064,2723.373779296875,results_study_full\BBTN\bilstm_macro\seed_42\BBTN\summary_pytorch.json,results_study_full\BBTN\bilstm_macro\seed_42\BBTN\test_predictions_pytorch.csv
BBTN,bilstm_macro,52,bilstm,True,False,72.83375494490862,55.48846435546875,4.020759582519531,5304.755859375,results_study_full\BBTN\bilstm_macro\seed_52\BBTN\summary_pytorch.json,results_study_full\BBTN\bilstm_macro\seed_52\BBTN\test_predictions_pytorch.csv
BBTN,bilstm_macro,62,bilstm,True,False,53.098755006149865,42.91110610961914,3.1397528648376465,2819.477783203125,results_study_full\BBTN\bilstm_macro\seed_62\BBTN\summary_pytorch.json,results_study_full\BBTN\bilstm_macro\seed_62\BBTN\test_predictions_pytorch.csv
BBTN,bilstm_macro,72,bilstm,True,False,58.01994033573716,45.258026123046875,3.3308420181274414,3366.3134765625,results_study_full\BBTN\bilstm_macro\seed_72\BBTN\summary_pytorch.json,results_study_full\BBTN\bilstm_macro\seed_72\BBTN\test_predictions_pytorch.csv
BBTN,bilstm_macro,82,bilstm,True,False,93.8728049843244,78.63311004638672,5.779767990112305,8812.103515625,results_study_full\BBTN\bilstm_macro\seed_82\BBTN\summary_pytorch.json,results_study_full\BBTN\bilstm_macro\seed_82\BBTN\test_predictions_pytorch.csv
BBTN,lstm_data_ga,42,lstm,False,True,69.14965866125985,58.10447311401367,4.381167888641357,4781.67529296875,results_study_full\BBTN\lstm_data_ga\seed_42\BBTN\summary_pytorch.json,results_study_full\BBTN\lstm_data_ga\seed_42\BBTN\test_predictions_pytorch.csv
BBTN,lstm_data_ga,52,lstm,False,True,109.87063149023264,97.90800476074219,7.361719131469727,12071.5556640625,results_study_full\BBTN\lstm_data_ga\seed_52\BBTN\summary_pytorch.json,results_study_full\BBTN\lstm_data_ga\seed_52\BBTN\test_predictions_pytorch.csv
BBTN,lstm_data_ga,62,lstm,False,True,57.25263751088787,47.868492126464844,3.588406801223755,3277.864501953125,results_study_full\BBTN\lstm_data_ga\seed_62\BBTN\summary_pytorch.json,results_study_full\BBTN\lstm_data_ga\seed_62\BBTN\test_predictions_pytorch.csv
BBTN,lstm_data_ga,72,lstm,False,True,81.54810097995845,71.62815856933594,5.405988693237305,6650.0927734375,results_study_full\BBTN\lstm_data_ga\seed_72\BBTN\summary_pytorch.json,results_study_full\BBTN\lstm_data_ga\seed_72\BBTN\test_predictions_pytorch.csv
BBTN,lstm_data_ga,82,lstm,False,True,119.28838480757462,111.79622650146484,8.411469459533691,14229.71875,results_study_full\BBTN\lstm_data_ga\seed_82\BBTN\summary_pytorch.json,results_study_full\BBTN\lstm_data_ga\seed_82\BBTN\test_predictions_pytorch.csv
BBTN,lstm_macro_ga,42,lstm,True,True,382.7821263460456,365.5137634277344,27.839523315429688,146522.15625,results_study_full\BBTN\lstm_macro_ga\seed_42\BBTN\summary_pytorch.json,results_study_full\BBTN\lstm_macro_ga\seed_42\BBTN\test_predictions_pytorch.csv
BBTN,lstm_macro_ga,52,lstm,True,True,183.77313842411792,167.8968963623047,12.897636413574219,33772.56640625,results_study_full\BBTN\lstm_macro_ga\seed_52\BBTN\summary_pytorch.json,results_study_full\BBTN\lstm_macro_ga\seed_52\BBTN\test_predictions_pytorch.csv
BBTN,lstm_macro_ga,62,lstm,True,True,235.15687084635653,225.71800231933594,16.923587799072266,55298.75390625,results_study_full\BBTN\lstm_macro_ga\seed_62\BBTN\summary_pytorch.json,results_study_full\BBTN\lstm_macro_ga\seed_62\BBTN\test_predictions_pytorch.csv
BBTN,lstm_macro_ga,72,lstm,True,True,191.5874372023124,174.7718505859375,13.38382625579834,36705.74609375,results_study_full\BBTN\lstm_macro_ga\seed_72\BBTN\summary_pytorch.json,results_study_full\BBTN\lstm_macro_ga\seed_72\BBTN\test_predictions_pytorch.csv
BBTN,lstm_macro_ga,82,lstm,True,True,256.678041888082,234.974609375,18.06683921813965,65883.6171875,results_study_full\BBTN\lstm_macro_ga\seed_82\BBTN\summary_pytorch.json,results_study_full\BBTN\lstm_macro_ga\seed_82\BBTN\test_predictions_pytorch.csv
BBTN,bilstm_data_ga,42,bilstm,False,True,59.24033453929953,54.00331497192383,4.000518321990967,3509.417236328125,results_study_full\BBTN\bilstm_data_ga\seed_42\BBTN\summary_pytorch.json,results_study_full\BBTN\bilstm_data_ga\seed_42\BBTN\test_predictions_pytorch.csv
BBTN,bilstm_data_ga,52,bilstm,False,True,47.27085198370794,39.07917404174805,2.837905168533325,2234.533447265625,results_study_full\BBTN\bilstm_data_ga\seed_52\BBTN\summary_pytorch.json,results_study_full\BBTN\bilstm_data_ga\seed_52\BBTN\test_predictions_pytorch.csv
BBTN,bilstm_data_ga,62,bilstm,False,True,26.887754740410525,18.891761779785156,1.3922449350357056,722.9513549804688,results_study_full\BBTN\bilstm_data_ga\seed_62\BBTN\summary_pytorch.json,results_study_full\BBTN\bilstm_data_ga\seed_62\BBTN\test_predictions_pytorch.csv
BBTN,bilstm_data_ga,72,bilstm,False,True,53.85929567371588,45.45889663696289,3.4077308177948,2900.82373046875,results_study_full\BBTN\bilstm_data_ga\seed_72\BBTN\summary_pytorch.json,results_study_full\BBTN\bilstm_data_ga\seed_72\BBTN\test_predictions_pytorch.csv
BBTN,bilstm_data_ga,82,bilstm,False,True,69.95621189023352,59.98225021362305,4.532670021057129,4893.87158203125,results_study_full\BBTN\bilstm_data_ga\seed_82\BBTN\summary_pytorch.json,results_study_full\BBTN\bilstm_data_ga\seed_82\BBTN\test_predictions_pytorch.csv
BBTN,bilstm_macro_ga,42,bilstm,True,True,141.4738339875081,131.2756805419922,9.929239273071289,20014.845703125,results_study_full\BBTN\bilstm_macro_ga\seed_42\BBTN\summary_pytorch.json,results_study_full\BBTN\bilstm_macro_ga\seed_42\BBTN\test_predictions_pytorch.csv
BBTN,bilstm_macro_ga,52,bilstm,True,True,87.37195988988687,72.68013763427734,5.545684814453125,7633.859375,results_study_full\BBTN\bilstm_macro_ga\seed_52\BBTN\summary_pytorch.json,results_study_full\BBTN\bilstm_macro_ga\seed_52\BBTN\test_predictions_pytorch.csv
BBTN,bilstm_macro_ga,62,bilstm,True,True,122.61935352698202,114.87569427490234,8.53570556640625,15035.505859375,results_study_full\BBTN\bilstm_macro_ga\seed_62\BBTN\summary_pytorch.json,results_study_full\BBTN\bilstm_macro_ga\seed_62\BBTN\test_predictions_pytorch.csv
BBTN,bilstm_macro_ga,72,bilstm,True,True,49.513726691286074,38.23519515991211,2.7585465908050537,2451.609130859375,results_study_full\BBTN\bilstm_macro_ga\seed_72\BBTN\summary_pytorch.json,results_study_full\BBTN\bilstm_macro_ga\seed_72\BBTN\test_predictions_pytorch.csv
BBTN,bilstm_macro_ga,82,bilstm,True,True,181.4106938516856,175.71170043945312,13.146096229553223,32909.83984375,results_study_full\BBTN\bilstm_macro_ga\seed_82\BBTN\summary_pytorch.json,results_study_full\BBTN\bilstm_macro_ga\seed_82\BBTN\test_predictions_pytorch.csv
BDMN,lstm_data,42,lstm,False,False,84.34325212894923,63.27775573730469,2.369079113006592,7113.7841796875,results_study_full\BDMN\lstm_data\seed_42\BDMN\summary_pytorch.json,results_study_full\BDMN\lstm_data\seed_42\BDMN\test_predictions_pytorch.csv
BDMN,lstm_data,52,lstm,False,False,134.4187356151478,121.7968521118164,4.58737325668335,18068.396484375,results_study_full\BDMN\lstm_data\seed_52\BDMN\summary_pytorch.json,results_study_full\BDMN\lstm_data\seed_52\BDMN\test_predictions_pytorch.csv
BDMN,lstm_data,62,lstm,False,False,138.89890658316932,110.31134033203125,4.2386908531188965,19292.90625,results_study_full\BDMN\lstm_data\seed_62\BDMN\summary_pytorch.json,results_study_full\BDMN\lstm_data\seed_62\BDMN\test_predictions_pytorch.csv
BDMN,lstm_data,72,lstm,False,False,128.90854922191934,101.72309112548828,3.881664991378784,16617.4140625,results_study_full\BDMN\lstm_data\seed_72\BDMN\summary_pytorch.json,results_study_full\BDMN\lstm_data\seed_72\BDMN\test_predictions_pytorch.csv
BDMN,lstm_data,82,lstm,False,False,117.01416347231219,94.47119140625,3.615212917327881,13692.314453125,results_study_full\BDMN\lstm_data\seed_82\BDMN\summary_pytorch.json,results_study_full\BDMN\lstm_data\seed_82\BDMN\test_predictions_pytorch.csv
BDMN,lstm_macro,42,lstm,True,False,421.6379519208393,398.30609130859375,15.044453620910645,177778.5625,results_study_full\BDMN\lstm_macro\seed_42\BDMN\summary_pytorch.json,results_study_full\BDMN\lstm_macro\seed_42\BDMN\test_predictions_pytorch.csv
BDMN,lstm_macro,52,lstm,True,False,298.55596470762396,269.6390075683594,10.229555130004883,89135.6640625,results_study_full\BDMN\lstm_macro\seed_52\BDMN\summary_pytorch.json,results_study_full\BDMN\lstm_macro\seed_52\BDMN\test_predictions_pytorch.csv
BDMN,lstm_macro,62,lstm,True,False,273.9509678984544,224.46072387695312,8.649096488952637,75049.1328125,results_study_full\BDMN\lstm_macro\seed_62\BDMN\summary_pytorch.json,results_study_full\BDMN\lstm_macro\seed_62\BDMN\test_predictions_pytorch.csv
BDMN,lstm_macro,72,lstm,True,False,320.5900687599352,281.4205627441406,10.759248733520508,102777.9921875,results_study_full\BDMN\lstm_macro\seed_72\BDMN\summary_pytorch.json,results_study_full\BDMN\lstm_macro\seed_72\BDMN\test_predictions_pytorch.csv
BDMN,lstm_macro,82,lstm,True,False,513.3058298909141,498.5748596191406,18.65827751159668,263482.875,results_study_full\BDMN\lstm_macro\seed_82\BDMN\summary_pytorch.json,results_study_full\BDMN\lstm_macro\seed_82\BDMN\test_predictions_pytorch.csv
BDMN,bilstm_data,42,bilstm,False,False,142.37353214783286,119.46437072753906,4.53134822845459,20270.22265625,results_study_full\BDMN\bilstm_data\seed_42\BDMN\summary_pytorch.json,results_study_full\BDMN\bilstm_data\seed_42\BDMN\test_predictions_pytorch.csv
BDMN,bilstm_data,52,bilstm,False,False,164.3627193606415,146.85336303710938,5.558679103851318,27015.103515625,results_study_full\BDMN\bilstm_data\seed_52\BDMN\summary_pytorch.json,results_study_full\BDMN\bilstm_data\seed_52\BDMN\test_predictions_pytorch.csv
BDMN,bilstm_data,62,bilstm,False,False,78.74352651964477,61.52197265625,2.2303049564361572,6200.54296875,results_study_full\BDMN\bilstm_data\seed_62\BDMN\summary_pytorch.json,results_study_full\BDMN\bilstm_data\seed_62\BDMN\test_predictions_pytorch.csv
BDMN,bilstm_data,72,bilstm,False,False,214.94319743829996,191.491455078125,7.219656467437744,46200.578125,results_study_full\BDMN\bilstm_data\seed_72\BDMN\summary_pytorch.json,results_study_full\BDMN\bilstm_data\seed_72\BDMN\test_predictions_pytorch.csv
BDMN,bilstm_data,82,bilstm,False,False,198.90983156634064,183.79629516601562,6.937000274658203,39565.12109375,results_study_full\BDMN\bilstm_data\seed_82\BDMN\summary_pytorch.json,results_study_full\BDMN\bilstm_data\seed_82\BDMN\test_predictions_pytorch.csv
BDMN,bilstm_macro,42,bilstm,True,False,469.33628335661416,455.1955261230469,17.041778564453125,220276.546875,results_study_full\BDMN\bilstm_macro\seed_42\BDMN\summary_pytorch.json,results_study_full\BDMN\bilstm_macro\seed_42\BDMN\test_predictions_pytorch.csv
BDMN,bilstm_macro,52,bilstm,True,False,342.90066664779175,313.65972900390625,11.898856163024902,117580.8671875,results_study_full\BDMN\bilstm_macro\seed_52\BDMN\summary_pytorch.json,results_study_full\BDMN\bilstm_macro\seed_52\BDMN\test_predictions_pytorch.csv
BDMN,bilstm_macro,62,bilstm,True,False,300.2599264595594,277.97833251953125,10.516216278076172,90156.0234375,results_study_full\BDMN\bilstm_macro\seed_62\BDMN\summary_pytorch.json,results_study_full\BDMN\bilstm_macro\seed_62\BDMN\test_predictions_pytorch.csv
BDMN,bilstm_macro,72,bilstm,True,False,366.44077795736655,337.402099609375,12.801562309265137,134278.84375,results_study_full\BDMN\bilstm_macro\seed_72\BDMN\summary_pytorch.json,results_study_full\BDMN\bilstm_macro\seed_72\BDMN\test_predictions_pytorch.csv
BDMN,bilstm_macro,82,bilstm,True,False,334.07620996188876,316.1723937988281,11.854138374328613,111606.9140625,results_study_full\BDMN\bilstm_macro\seed_82\BDMN\summary_pytorch.json,results_study_full\BDMN\bilstm_macro\seed_82\BDMN\test_predictions_pytorch.csv
BDMN,lstm_data_ga,42,lstm,False,True,166.50624636368752,152.32984924316406,5.7585859298706055,27724.330078125,results_study_full\BDMN\lstm_data_ga\seed_42\BDMN\summary_pytorch.json,results_study_full\BDMN\lstm_data_ga\seed_42\BDMN\test_predictions_pytorch.csv
BDMN,lstm_data_ga,52,lstm,False,True,194.1621121157524,165.72299194335938,6.356895923614502,37698.92578125,results_study_full\BDMN\lstm_data_ga\seed_52\BDMN\summary_pytorch.json,results_study_full\BDMN\lstm_data_ga\seed_52\BDMN\test_predictions_pytorch.csv
BDMN,lstm_data_ga,62,lstm,False,True,158.27312725949406,135.97341918945312,5.188526630401611,25050.3828125,results_study_full\BDMN\lstm_data_ga\seed_62\BDMN\summary_pytorch.json,results_study_full\BDMN\lstm_data_ga\seed_62\BDMN\test_predictions_pytorch.csv
BDMN,lstm_data_ga,72,lstm,False,True,79.27491845036802,59.44770050048828,2.172152280807495,6284.5126953125,results_study_full\BDMN\lstm_data_ga\seed_72\BDMN\summary_pytorch.json,results_study_full\BDMN\lstm_data_ga\seed_72\BDMN\test_predictions_pytorch.csv
BDMN,lstm_data_ga,82,lstm,False,True,198.2056322515836,181.8315887451172,6.886871814727783,39285.47265625,results_study_full\BDMN\lstm_data_ga\seed_82\BDMN\summary_pytorch.json,results_study_full\BDMN\lstm_data_ga\seed_82\BDMN\test_predictions_pytorch.csv
BDMN,lstm_macro_ga,42,lstm,True,True,1260.9999008723196,1239.2078857421875,46.29975128173828,1590120.75,results_study_full\BDMN\lstm_macro_ga\seed_42\BDMN\summary_pytorch.json,results_study_full\BDMN\lstm_macro_ga\seed_42\BDMN\test_predictions_pytorch.csv
BDMN,lstm_macro_ga,52,lstm,True,True,366.4617561901924,322.8758544921875,12.323617935180664,134294.21875,results_study_full\BDMN\lstm_macro_ga\seed_52\BDMN\summary_pytorch.json,results_study_full\BDMN\lstm_macro_ga\seed_52\BDMN\test_predictions_pytorch.csv
BDMN,lstm_macro_ga,62,lstm,True,True,416.4143069107977,358.87310791015625,13.71613597869873,173400.875,results_study_full\BDMN\lstm_macro_ga\seed_62\BDMN\summary_pytorch.json,results_study_full\BDMN\lstm_macro_ga\seed_62\BDMN\test_predictions_pytorch.csv
BDMN,lstm_macro_ga,72,lstm,True,True,94.34563388314533,71.85123443603516,2.6829123497009277,8901.0986328125,results_study_full\BDMN\lstm_macro_ga\seed_72\BDMN\summary_pytorch.json,results_study_full\BDMN\lstm_macro_ga\seed_72\BDMN\test_predictions_pytorch.csv
BDMN,lstm_macro_ga,82,lstm,True,True,561.1392708142962,543.030517578125,20.396499633789062,314877.28125,results_study_full\BDMN\lstm_macro_ga\seed_82\BDMN\summary_pytorch.json,results_study_full\BDMN\lstm_macro_ga\seed_82\BDMN\test_predictions_pytorch.csv
BDMN,bilstm_data_ga,42,bilstm,False,True,186.31474336120047,160.59091186523438,6.142521381378174,34713.18359375,results_study_full\BDMN\bilstm_data_ga\seed_42\BDMN\summary_pytorch.json,results_study_full\BDMN\bilstm_data_ga\seed_42\BDMN\test_predictions_pytorch.csv
BDMN,bilstm_data_ga,52,bilstm,False,True,138.81223266520857,125.1235580444336,4.720820426940918,19268.8359375,results_study_full\BDMN\bilstm_data_ga\seed_52\BDMN\summary_pytorch.json,results_study_full\BDMN\bilstm_data_ga\seed_52\BDMN\test_predictions_pytorch.csv
BDMN,bilstm_data_ga,62,bilstm,False,True,201.28654559483104,184.2363739013672,6.961087226867676,40516.2734375,results_study_full\BDMN\bilstm_data_ga\seed_62\BDMN\summary_pytorch.json,results_study_full\BDMN\bilstm_data_ga\seed_62\BDMN\test_predictions_pytorch.csv
BDMN,bilstm_data_ga,72,bilstm,False,True,74.95231557046787,63.44655227661133,2.358283042907715,5617.849609375,results_study_full\BDMN\bilstm_data_ga\seed_72\BDMN\summary_pytorch.json,results_study_full\BDMN\bilstm_data_ga\seed_72\BDMN\test_predictions_pytorch.csv
BDMN,bilstm_data_ga,82,bilstm,False,True,81.46842934823741,61.462406158447266,2.297074556350708,6637.10498046875,results_study_full\BDMN\bilstm_data_ga\seed_82\BDMN\summary_pytorch.json,results_study_full\BDMN\bilstm_data_ga\seed_82\BDMN\test_predictions_pytorch.csv
BDMN,bilstm_macro_ga,42,bilstm,True,True,408.97684836675046,387.2008056640625,14.575004577636719,167262.0625,results_study_full\BDMN\bilstm_macro_ga\seed_42\BDMN\summary_pytorch.json,results_study_full\BDMN\bilstm_macro_ga\seed_42\BDMN\test_predictions_pytorch.csv
BDMN,bilstm_macro_ga,52,bilstm,True,True,531.787992295802,506.9576110839844,19.127410888671875,282798.46875,results_study_full\BDMN\bilstm_macro_ga\seed_52\BDMN\summary_pytorch.json,results_study_full\BDMN\bilstm_macro_ga\seed_52\BDMN\test_predictions_pytorch.csv
BDMN,bilstm_macro_ga,62,bilstm,True,True,236.48414323163402,206.7635955810547,7.853886604309082,55924.75,results_study_full\BDMN\bilstm_macro_ga\seed_62\BDMN\summary_pytorch.json,results_study_full\BDMN\bilstm_macro_ga\seed_62\BDMN\test_predictions_pytorch.csv
BDMN,bilstm_macro_ga,72,bilstm,True,True,245.05345399014476,231.04177856445312,8.67729377746582,60051.1953125,results_study_full\BDMN\bilstm_macro_ga\seed_72\BDMN\summary_pytorch.json,results_study_full\BDMN\bilstm_macro_ga\seed_72\BDMN\test_predictions_pytorch.csv
BDMN,bilstm_macro_ga,82,bilstm,True,True,617.9685975031417,601.3408813476562,22.538631439208984,381885.1875,results_study_full\BDMN\bilstm_macro_ga\seed_82\BDMN\summary_pytorch.json,results_study_full\BDMN\bilstm_macro_ga\seed_82\BDMN\test_predictions_pytorch.csv
BMRI,lstm_data,42,lstm,False,False,1376.0028161308392,1138.2003173828125,18.516996383666992,1893383.75,results_study_full\BMRI\lstm_data\seed_42\BMRI\summary_pytorch.json,results_study_full\BMRI\lstm_data\seed_42\BMRI\test_predictions_pytorch.csv
BMRI,lstm_data,52,lstm,False,False,1771.2058745385868,1534.9569091796875,25.397586822509766,3137170.25,results_study_full\BMRI\lstm_data\seed_52\BMRI\summary_pytorch.json,results_study_full\BMRI\lstm_data\seed_52\BMRI\test_predictions_pytorch.csv
BMRI,lstm_data,62,lstm,False,False,1520.896035237123,1275.147705078125,20.827728271484375,2313124.75,results_study_full\BMRI\lstm_data\seed_62\BMRI\summary_pytorch.json,results_study_full\BMRI\lstm_data\seed_62\BMRI\test_predictions_pytorch.csv
BMRI,lstm_data,72,lstm,False,False,1560.8673870640005,1320.278564453125,21.63542366027832,2436307.0,results_study_full\BMRI\lstm_data\seed_72\BMRI\summary_pytorch.json,results_study_full\BMRI\lstm_data\seed_72\BMRI\test_predictions_pytorch.csv
BMRI,lstm_data,82,lstm,False,False,1588.2336887246788,1349.089599609375,22.13652801513672,2522486.25,results_study_full\BMRI\lstm_data\seed_82\BMRI\summary_pytorch.json,results_study_full\BMRI\lstm_data\seed_82\BMRI\test_predictions_pytorch.csv
BMRI,lstm_macro,42,lstm,True,False,1579.2748335866054,1338.0570068359375,21.961986541748047,2494109.0,results_study_full\BMRI\lstm_macro\seed_42\BMRI\summary_pytorch.json,results_study_full\BMRI\lstm_macro\seed_42\BMRI\test_predictions_pytorch.csv
BMRI,lstm_macro,52,lstm,True,False,1496.7484758635967,1252.2674560546875,20.464372634887695,2240256.0,results_study_full\BMRI\lstm_macro\seed_52\BMRI\summary_pytorch.json,results_study_full\BMRI\lstm_macro\seed_52\BMRI\test_predictions_pytorch.csv
BMRI,lstm_macro,62,lstm,True,False,1473.6083265237069,1229.239990234375,20.04011344909668,2171521.5,results_study_full\BMRI\lstm_macro\seed_62\BMRI\summary_pytorch.json,results_study_full\BMRI\lstm_macro\seed_62\BMRI\test_predictions_pytorch.csv
BMRI,lstm_macro,72,lstm,True,False,1580.225933213349,1355.2489013671875,22.344873428344727,2497114.0,results_study_full\BMRI\lstm_macro\seed_72\BMRI\summary_pytorch.json,results_study_full\BMRI\lstm_macro\seed_72\BMRI\test_predictions_pytorch.csv
BMRI,lstm_macro,82,lstm,True,False,1549.7758708923043,1308.273193359375,21.449909210205078,2401805.25,results_study_full\BMRI\lstm_macro\seed_82\BMRI\summary_pytorch.json,results_study_full\BMRI\lstm_macro\seed_82\BMRI\test_predictions_pytorch.csv
BMRI,bilstm_data,42,bilstm,False,False,1549.963789899622,1308.6905517578125,21.445131301879883,2402387.75,results_study_full\BMRI\bilstm_data\seed_42\BMRI\summary_pytorch.json,results_study_full\BMRI\bilstm_data\seed_42\BMRI\test_predictions_pytorch.csv
BMRI,bilstm_data,52,bilstm,False,False,1661.7975959785235,1443.1727294921875,23.915977478027344,2761571.25,results_study_full\BMRI\bilstm_data\seed_52\BMRI\summary_pytorch.json,results_study_full\BMRI\bilstm_data\seed_52\BMRI\test_predictions_pytorch.csv
BMRI,bilstm_data,62,bilstm,False,False,1559.0065747135257,1297.612548828125,21.136756896972656,2430501.5,results_study_full\BMRI\bilstm_data\seed_62\BMRI\summary_pytorch.json,results_study_full\BMRI\bilstm_data\seed_62\BMRI\test_predictions_pytorch.csv
BMRI,bilstm_data,72,bilstm,False,False,1508.1346093767625,1289.8973388671875,21.247907638549805,2274470.0,results_study_full\BMRI\bilstm_data\seed_72\BMRI\summary_pytorch.json,results_study_full\BMRI\bilstm_data\seed_72\BMRI\test_predictions_pytorch.csv
BMRI,bilstm_data,82,bilstm,False,False,1428.5423514897975,1221.5758056640625,20.129091262817383,2040733.25,results_study_full\BMRI\bilstm_data\seed_82\BMRI\summary_pytorch.json,results_study_full\BMRI\bilstm_data\seed_82\BMRI\test_predictions_pytorch.csv
BMRI,bilstm_macro,42,bilstm,True,False,1525.810768083644,1277.0985107421875,20.86162567138672,2328098.5,results_study_full\BMRI\bilstm_macro\seed_42\BMRI\summary_pytorch.json,results_study_full\BMRI\bilstm_macro\seed_42\BMRI\test_predictions_pytorch.csv
BMRI,bilstm_macro,52,bilstm,True,False,1512.6639580554565,1268.323974609375,20.733516693115234,2288152.25,results_study_full\BMRI\bilstm_macro\seed_52\BMRI\summary_pytorch.json,results_study_full\BMRI\bilstm_macro\seed_52\BMRI\test_predictions_pytorch.csv
BMRI,bilstm_macro,62,bilstm,True,False,1315.4474048778993,1099.64306640625,18.017131805419922,1730401.875,results_study_full\BMRI\bilstm_macro\seed_62\BMRI\summary_pytorch.json,results_study_full\BMRI\bilstm_macro\seed_62\BMRI\test_predictions_pytorch.csv
BMRI,bilstm_macro,72,bilstm,True,False,1520.0063322236522,1291.54443359375,21.265487670898438,2310419.25,results_study_full\BMRI\bilstm_macro\seed_72\BMRI\summary_pytorch.json,results_study_full\BMRI\bilstm_macro\seed_72\BMRI\test_predictions_pytorch.csv
BMRI,bilstm_macro,82,bilstm,True,False,1459.5661170361554,1198.1114501953125,19.40237808227539,2130333.25,results_study_full\BMRI\bilstm_macro\seed_82\BMRI\summary_pytorch.json,results_study_full\BMRI\bilstm_macro\seed_82\BMRI\test_predictions_pytorch.csv
BMRI,lstm_data_ga,42,lstm,False,True,1543.5129575095896,1312.63818359375,21.54201316833496,2382432.25,results_study_full\BMRI\lstm_data_ga\seed_42\BMRI\summary_pytorch.json,results_study_full\BMRI\lstm_data_ga\seed_42\BMRI\test_predictions_pytorch.csv
BMRI,lstm_data_ga,52,lstm,False,True,1638.7157319071541,1386.550537109375,22.707977294921875,2685389.25,results_study_full\BMRI\lstm_data_ga\seed_52\BMRI\summary_pytorch.json,results_study_full\BMRI\lstm_data_ga\seed_52\BMRI\test_predictions_pytorch.csv
BMRI,lstm_data_ga,62,lstm,False,True,1791.954031218435,1542.402587890625,25.451162338256836,3211099.25,results_study_full\BMRI\lstm_data_ga\seed_62\BMRI\summary_pytorch.json,results_study_full\BMRI\lstm_data_ga\seed_62\BMRI\test_predictions_pytorch.csv
BMRI,lstm_data_ga,72,lstm,False,True,1456.3571848966174,1211.4112548828125,19.73798179626465,2120976.25,results_study_full\BMRI\lstm_data_ga\seed_72\BMRI\summary_pytorch.json,results_study_full\BMRI\lstm_data_ga\seed_72\BMRI\test_predictions_pytorch.csv
BMRI,lstm_data_ga,82,lstm,False,True,2165.2469836025634,1952.7735595703125,32.90350341796875,4688294.5,results_study_full\BMRI\lstm_data_ga\seed_82\BMRI\summary_pytorch.json,results_study_full\BMRI\lstm_data_ga\seed_82\BMRI\test_predictions_pytorch.csv
BMRI,lstm_macro_ga,42,lstm,True,True,1628.4646910510526,1396.0904541015625,22.996158599853516,2651897.25,results_study_full\BMRI\lstm_macro_ga\seed_42\BMRI\summary_pytorch.json,results_study_full\BMRI\lstm_macro_ga\seed_42\BMRI\test_predictions_pytorch.csv
BMRI,lstm_macro_ga,52,lstm,True,True,1813.2278538562107,1558.16845703125,25.675397872924805,3287795.25,results_study_full\BMRI\lstm_macro_ga\seed_52\BMRI\summary_pytorch.json,results_study_full\BMRI\lstm_macro_ga\seed_52\BMRI\test_predictions_pytorch.csv
BMRI,lstm_macro_ga,62,lstm,True,True,1659.4330357082806,1413.567138671875,23.225910186767578,2753718.0,results_study_full\BMRI\lstm_macro_ga\seed_62\BMRI\summary_pytorch.json,results_study_full\BMRI\lstm_macro_ga\seed_62\BMRI\test_predictions_pytorch.csv
BMRI,lstm_macro_ga,72,lstm,True,True,1662.5576681727464,1413.46240234375,23.21704864501953,2764098.0,results_study_full\BMRI\lstm_macro_ga\seed_72\BMRI\summary_pytorch.json,results_study_full\BMRI\lstm_macro_ga\seed_72\BMRI\test_predictions_pytorch.csv
BMRI,lstm_macro_ga,82,lstm,True,True,1897.6006560917922,1664.501708984375,27.6884708404541,3600888.25,results_study_full\BMRI\lstm_macro_ga\seed_82\BMRI\summary_pytorch.json,results_study_full\BMRI\lstm_macro_ga\seed_82\BMRI\test_predictions_pytorch.csv
BMRI,bilstm_data_ga,42,bilstm,False,True,1409.810270923006,1189.758544921875,19.476154327392578,1987565.0,results_study_full\BMRI\bilstm_data_ga\seed_42\BMRI\summary_pytorch.json,results_study_full\BMRI\bilstm_data_ga\seed_42\BMRI\test_predictions_pytorch.csv
BMRI,bilstm_data_ga,52,bilstm,False,True,1625.7621289721324,1379.57421875,22.620586395263672,2643102.5,results_study_full\BMRI\bilstm_data_ga\seed_52\BMRI\summary_pytorch.json,results_study_full\BMRI\bilstm_data_ga\seed_52\BMRI\test_predictions_pytorch.csv
BMRI,bilstm_data_ga,62,bilstm,False,True,1488.736628823245,1246.19384765625,20.356151580810547,2216336.75,results_study_full\BMRI\bilstm_data_ga\seed_62\BMRI\summary_pytorch.json,results_study_full\BMRI\bilstm_data_ga\seed_62\BMRI\test_predictions_pytorch.csv
BMRI,bilstm_data_ga,72,bilstm,False,True,1343.3900215499593,1133.1190185546875,18.563987731933594,1804696.75,results_study_full\BMRI\bilstm_data_ga\seed_72\BMRI\summary_pytorch.json,results_study_full\BMRI\bilstm_data_ga\seed_72\BMRI\test_predictions_pytorch.csv
BMRI,bilstm_data_ga,82,bilstm,False,True,1288.073707130147,1094.5762939453125,17.984256744384766,1659133.875,results_study_full\BMRI\bilstm_data_ga\seed_82\BMRI\summary_pytorch.json,results_study_full\BMRI\bilstm_data_ga\seed_82\BMRI\test_predictions_pytorch.csv
BMRI,bilstm_macro_ga,42,bilstm,True,True,1634.8053400940432,1389.8553466796875,22.8505859375,2672588.5,results_study_full\BMRI\bilstm_macro_ga\seed_42\BMRI\summary_pytorch.json,results_study_full\BMRI\bilstm_macro_ga\seed_42\BMRI\test_predictions_pytorch.csv
BMRI,bilstm_macro_ga,52,bilstm,True,True,1549.828780865809,1324.414306640625,21.821496963500977,2401969.25,results_study_full\BMRI\bilstm_macro_ga\seed_52\BMRI\summary_pytorch.json,results_study_full\BMRI\bilstm_macro_ga\seed_52\BMRI\test_predictions_pytorch.csv
BMRI,bilstm_macro_ga,62,bilstm,True,True,1450.211622488249,1229.9281005859375,20.23052215576172,2103113.75,results_study_full\BMRI\bilstm_macro_ga\seed_62\BMRI\summary_pytorch.json,results_study_full\BMRI\bilstm_macro_ga\seed_62\BMRI\test_predictions_pytorch.csv
BMRI,bilstm_macro_ga,72,bilstm,True,True,972.6564462851208,757.0047607421875,12.096624374389648,946060.5625,results_study_full\BMRI\bilstm_macro_ga\seed_72\BMRI\summary_pytorch.json,results_study_full\BMRI\bilstm_macro_ga\seed_72\BMRI\test_predictions_pytorch.csv
BMRI,bilstm_macro_ga,82,bilstm,True,True,1336.0251681761088,1127.7635498046875,18.47210693359375,1784963.25,results_study_full\BMRI\bilstm_macro_ga\seed_82\BMRI\summary_pytorch.json,results_study_full\BMRI\bilstm_macro_ga\seed_82\BMRI\test_predictions_pytorch.csv
BNGA,lstm_data,42,lstm,False,False,227.81248285322295,181.1844482421875,10.593280792236328,51898.52734375,results_study_full\BNGA\lstm_data\seed_42\BNGA\summary_pytorch.json,results_study_full\BNGA\lstm_data\seed_42\BNGA\test_predictions_pytorch.csv
BNGA,lstm_data,52,lstm,False,False,277.66629307948057,220.35919189453125,12.79808235168457,77098.5703125,results_study_full\BNGA\lstm_data\seed_52\BNGA\summary_pytorch.json,results_study_full\BNGA\lstm_data\seed_52\BNGA\test_predictions_pytorch.csv
BNGA,lstm_data,62,lstm,False,False,265.9903516812217,198.59523010253906,11.196935653686523,70750.8671875,results_study_full\BNGA\lstm_data\seed_62\BNGA\summary_pytorch.json,results_study_full\BNGA\lstm_data\seed_62\BNGA\test_predictions_pytorch.csv
BNGA,lstm_data,72,lstm,False,False,253.8550659948507,188.1636199951172,10.57344913482666,64442.39453125,results_study_full\BNGA\lstm_data\seed_72\BNGA\summary_pytorch.json,results_study_full\BNGA\lstm_data\seed_72\BNGA\test_predictions_pytorch.csv
BNGA,lstm_data,82,lstm,False,False,258.4346206006463,197.39390563964844,11.302665710449219,66788.453125,results_study_full\BNGA\lstm_data\seed_82\BNGA\summary_pytorch.json,results_study_full\BNGA\lstm_data\seed_82\BNGA\test_predictions_pytorch.csv
BNGA,lstm_macro,42,lstm,True,False,306.71733475221123,249.69456481933594,14.656059265136719,94075.5234375,results_study_full\BNGA\lstm_macro\seed_42\BNGA\summary_pytorch.json,results_study_full\BNGA\lstm_macro\seed_42\BNGA\test_predictions_pytorch.csv
BNGA,lstm_macro,52,lstm,True,False,242.85992136672118,192.149658203125,11.201083183288574,58980.94140625,results_study_full\BNGA\lstm_macro\seed_52\BNGA\summary_pytorch.json,results_study_full\BNGA\lstm_macro\seed_52\BNGA\test_predictions_pytorch.csv
BNGA,lstm_macro,62,lstm,True,False,306.30810673242064,253.22625732421875,15.019834518432617,93824.65625,results_study_full\BNGA\lstm_macro\seed_62\BNGA\summary_pytorch.json,results_study_full\BNGA\lstm_macro\seed_62\BNGA\test_predictions_pytorch.csv
BNGA,lstm_macro,72,lstm,True,False,306.06525039605526,243.87326049804688,14.161893844604492,93675.9375,results_study_full\BNGA\lstm_macro\seed_72\BNGA\summary_pytorch.json,results_study_full\BNGA\lstm_macro\seed_72\BNGA\test_predictions_pytorch.csv
BNGA,lstm_macro,82,lstm,True,False,291.932582649659,222.43948364257812,12.6111478805542,85224.6328125,results_study_full\BNGA\lstm_macro\seed_82\BNGA\summary_pytorch.json,results_study_full\BNGA\lstm_macro\seed_82\BNGA\test_predictions_pytorch.csv
BNGA,bilstm_data,42,bilstm,False,False,241.73226570164357,179.901611328125,10.145008087158203,58434.48828125,results_study_full\BNGA\bilstm_data\seed_42\BNGA\summary_pytorch.json,results_study_full\BNGA\bilstm_data\seed_42\BNGA\test_predictions_pytorch.csv
BNGA,bilstm_data,52,bilstm,False,False,262.9556759227684,219.44996643066406,13.153472900390625,69145.6875,results_study_full\BNGA\bilstm_data\seed_52\BNGA\summary_pytorch.json,results_study_full\BNGA\bilstm_data\seed_52\BNGA\test_predictions_pytorch.csv
BNGA,bilstm_data,62,bilstm,False,False,279.73378806912115,209.8677978515625,11.84021282196045,78250.9921875,results_study_full\BNGA\bilstm_data\seed_62\BNGA\summary_pytorch.json,results_study_full\BNGA\bilstm_data\seed_62\BNGA\test_predictions_pytorch.csv
BNGA,bilstm_data,72,bilstm,False,False,208.51188702625566,169.19805908203125,10.025167465209961,43477.20703125,results_study_full\BNGA\bilstm_data\seed_72\BNGA\summary_pytorch.json,results_study_full\BNGA\bilstm_data\seed_72\BNGA\test_predictions_pytorch.csv
BNGA,bilstm_data,82,bilstm,False,False,227.78924778454754,185.4481964111328,10.967061042785645,51887.94140625,results_study_full\BNGA\bilstm_data\seed_82\BNGA\summary_pytorch.json,results_study_full\BNGA\bilstm_data\seed_82\BNGA\test_predictions_pytorch.csv
BNGA,bilstm_macro,42,bilstm,True,False,252.80821226277442,193.05015563964844,11.111762046813965,63911.9921875,results_study_full\BNGA\bilstm_macro\seed_42\BNGA\summary_pytorch.json,results_study_full\BNGA\bilstm_macro\seed_42\BNGA\test_predictions_pytorch.csv
BNGA,bilstm_macro,52,bilstm,True,False,268.21631603521064,202.27581787109375,11.438740730285645,71939.9921875,results_study_full\BNGA\bilstm_macro\seed_52\BNGA\summary_pytorch.json,results_study_full\BNGA\bilstm_macro\seed_52\BNGA\test_predictions_pytorch.csv
BNGA,bilstm_macro,62,bilstm,True,False,292.9233714856157,235.29684448242188,13.694005012512207,85804.1015625,results_study_full\BNGA\bilstm_macro\seed_62\BNGA\summary_pytorch.json,results_study_full\BNGA\bilstm_macro\seed_62\BNGA\test_predictions_pytorch.csv
BNGA,bilstm_macro,72,bilstm,True,False,321.4203585260274,267.7204895019531,15.918469429016113,103311.046875,results_study_full\BNGA\bilstm_macro\seed_72\BNGA\summary_pytorch.json,results_study_full\BNGA\bilstm_macro\seed_72\BNGA\test_predictions_pytorch.csv
BNGA,bilstm_macro,82,bilstm,True,False,273.9476455456407,204.7195587158203,11.55311393737793,75047.3125,results_study_full\BNGA\bilstm_macro\seed_82\BNGA\summary_pytorch.json,results_study_full\BNGA\bilstm_macro\seed_82\BNGA\test_predictions_pytorch.csv
BNGA,lstm_data_ga,42,lstm,False,True,417.02088901516674,330.53192138671875,19.113311767578125,173906.421875,results_study_full\BNGA\lstm_data_ga\seed_42\BNGA\summary_pytorch.json,results_study_full\BNGA\lstm_data_ga\seed_42\BNGA\test_predictions_pytorch.csv
BNGA,lstm_data_ga,52,lstm,False,True,264.43465638981587,204.01718139648438,11.72530460357666,69925.6875,results_study_full\BNGA\lstm_data_ga\seed_52\BNGA\summary_pytorch.json,results_study_full\BNGA\lstm_data_ga\seed_52\BNGA\test_predictions_pytorch.csv
BNGA,lstm_data_ga,62,lstm,False,True,355.37551661939233,294.7088317871094,17.52880859375,126291.7578125,results_study_full\BNGA\lstm_data_ga\seed_62\BNGA\summary_pytorch.json,results_study_full\BNGA\lstm_data_ga\seed_62\BNGA\test_predictions_pytorch.csv
BNGA,lstm_data_ga,72,lstm,False,True,233.139711332068,175.86923217773438,9.960054397583008,54354.125,results_study_full\BNGA\lstm_data_ga\seed_72\BNGA\summary_pytorch.json,results_study_full\BNGA\lstm_data_ga\seed_72\BNGA\test_predictions_pytorch.csv
BNGA,lstm_data_ga,82,lstm,False,True,279.3485725755548,215.8382568359375,12.37291431427002,78035.625,results_study_full\BNGA\lstm_data_ga\seed_82\BNGA\summary_pytorch.json,results_study_full\BNGA\lstm_data_ga\seed_82\BNGA\test_predictions_pytorch.csv
BNGA,lstm_macro_ga,42,lstm,True,True,317.93957022129223,254.36846923828125,14.784619331359863,101085.5703125,results_study_full\BNGA\lstm_macro_ga\seed_42\BNGA\summary_pytorch.json,results_study_full\BNGA\lstm_macro_ga\seed_42\BNGA\test_predictions_pytorch.csv
BNGA,lstm_macro_ga,52,lstm,True,True,320.5882045163234,276.8982238769531,16.88572883605957,102776.796875,results_study_full\BNGA\lstm_macro_ga\seed_52\BNGA\summary_pytorch.json,results_study_full\BNGA\lstm_macro_ga\seed_52\BNGA\test_predictions_pytorch.csv
BNGA,lstm_macro_ga,62,lstm,True,True,368.14369646919124,286.3940734863281,16.405982971191406,135529.78125,results_study_full\BNGA\lstm_macro_ga\seed_62\BNGA\summary_pytorch.json,results_study_full\BNGA\lstm_macro_ga\seed_62\BNGA\test_predictions_pytorch.csv
BNGA,lstm_macro_ga,72,lstm,True,True,197.08510614072287,151.8675079345703,8.756673812866211,38842.5390625,results_study_full\BNGA\lstm_macro_ga\seed_72\BNGA\summary_pytorch.json,results_study_full\BNGA\lstm_macro_ga\seed_72\BNGA\test_predictions_pytorch.csv
BNGA,lstm_macro_ga,82,lstm,True,True,368.64049221429815,322.447021484375,19.661954879760742,135895.8125,results_study_full\BNGA\lstm_macro_ga\seed_82\BNGA\summary_pytorch.json,results_study_full\BNGA\lstm_macro_ga\seed_82\BNGA\test_predictions_pytorch.csv
BNGA,bilstm_data_ga,42,bilstm,False,True,481.21201148766016,384.1824951171875,22.21352195739746,231565.0,results_study_full\BNGA\bilstm_data_ga\seed_42\BNGA\summary_pytorch.json,results_study_full\BNGA\bilstm_data_ga\seed_42\BNGA\test_predictions_pytorch.csv
BNGA,bilstm_data_ga,52,bilstm,False,True,339.6125779840906,260.2373046875,14.769238471984863,115336.703125,results_study_full\BNGA\bilstm_data_ga\seed_52\BNGA\summary_pytorch.json,results_study_full\BNGA\bilstm_data_ga\seed_52\BNGA\test_predictions_pytorch.csv
BNGA,bilstm_data_ga,62,bilstm,False,True,266.4802554834035,198.64288330078125,11.32393741607666,71011.7265625,results_study_full\BNGA\bilstm_data_ga\seed_62\BNGA\summary_pytorch.json,results_study_full\BNGA\bilstm_data_ga\seed_62\BNGA\test_predictions_pytorch.csv
BNGA,bilstm_data_ga,72,bilstm,False,True,162.47400032389797,119.43221282958984,6.738714694976807,26397.80078125,results_study_full\BNGA\bilstm_data_ga\seed_72\BNGA\summary_pytorch.json,results_study_full\BNGA\bilstm_data_ga\seed_72\BNGA\test_predictions_pytorch.csv
BNGA,bilstm_data_ga,82,bilstm,False,True,223.4927466664187,175.85397338867188,10.13601016998291,49949.0078125,results_study_full\BNGA\bilstm_data_ga\seed_82\BNGA\summary_pytorch.json,results_study_full\BNGA\bilstm_data_ga\seed_82\BNGA\test_predictions_pytorch.csv
BNGA,bilstm_macro_ga,42,bilstm,True,True,305.6865607734498,241.96499633789062,13.965746879577637,93444.2734375,results_study_full\BNGA\bilstm_macro_ga\seed_42\BNGA\summary_pytorch.json,results_study_full\BNGA\bilstm_macro_ga\seed_42\BNGA\test_predictions_pytorch.csv
BNGA,bilstm_macro_ga,52,bilstm,True,True,274.1441654266966,221.4604949951172,12.960063934326172,75155.0234375,results_study_full\BNGA\bilstm_macro_ga\seed_52\BNGA\summary_pytorch.json,results_study_full\BNGA\bilstm_macro_ga\seed_52\BNGA\test_predictions_pytorch.csv
BNGA,bilstm_macro_ga,62,bilstm,True,True,300.49963602307406,234.2430419921875,13.4356050491333,90300.03125,results_study_full\BNGA\bilstm_macro_ga\seed_62\BNGA\summary_pytorch.json,results_study_full\BNGA\bilstm_macro_ga\seed_62\BNGA\test_predictions_pytorch.csv
BNGA,bilstm_macro_ga,72,bilstm,True,True,190.77184917460963,143.5917205810547,8.235745429992676,36393.8984375,results_study_full\BNGA\bilstm_macro_ga\seed_72\BNGA\summary_pytorch.json,results_study_full\BNGA\bilstm_macro_ga\seed_72\BNGA\test_predictions_pytorch.csv
BNGA,bilstm_macro_ga,82,bilstm,True,True,222.35800419874704,175.42564392089844,10.123584747314453,49443.08203125,results_study_full\BNGA\bilstm_macro_ga\seed_82\BNGA\summary_pytorch.json,results_study_full\BNGA\bilstm_macro_ga\seed_82\BNGA\test_predictions_pytorch.csv
